id,section_number,section_short,subsection,question,answer,school,location,source,last_updated
VGWS-FAQ-001,1,Academics / IB Continuum,1A. Early Years Programme (EYP) — Ages 3 to 5 (Nursery -- KG),What is the Early Years Programme (EYP) at VGWS?,"EYP is the youngest stage of the IB Early Years Programme (EYP), designed for children aged 3 to 6 (Nursery to senior Kg / Prep III). It goes beyond traditional early learning by emphasizing play, curiosity, relationships and holistic development rather than formal academics.",Vishwashanti Gurukul World School (VGWS),"Pune, Maharashtra, India",VGWS Master FAQ Bank (mitgurukul.com; VGWS press release & PR archive; official social channels),2026-08
VGWS-FAQ-002,1,Academics / IB Continuum,1A. Early Years Programme (EYP) — Ages 3 to 5 (Nursery -- KG),How does EYP differ from a regular pre-school programme?,"At Vishwashanti Gurukul World School (VGWS), EYP learners explore their environment through play, relationships and interaction with peers, teachers, family and the community, with teachers acting as partners, nurturers and guides rather than instructors. The focus is on nurturing independence at age-appropriate tasks, not rote content delivery.",Vishwashanti Gurukul World School (VGWS),"Pune, Maharashtra, India",VGWS Master FAQ Bank (mitgurukul.com; VGWS press release & PR archive; official social channels),2026-08
VGWS-FAQ-003,1,Academics / IB Continuum,1A. Early Years Programme (EYP) — Ages 3 to 5 (Nursery -- KG),Is EYP a boarding or day programme?,At Vishwashanti Gurukul World School(VGWS) EYP is a day programme only. Boarding at VGWS begins from Grade 1 (around age 6); Nursery to senior Kg / Prep III children are enrolled as day scholars.,Vishwashanti Gurukul World School (VGWS),"Pune, Maharashtra, India",VGWS Master FAQ Bank (mitgurukul.com; VGWS press release & PR archive; official social channels),2026-08
VGWS-FAQ-004,1,Academics / IB Continuum,1A. Early Years Programme (EYP) — Ages 3 to 5 (Nursery -- KG),What skills does EYP build before a child moves into PYP proper?,"At Vishwashanti Gurukul World School(VGWS) EYP nurtures creativity, curiosity and research shows children in PYP Early Years frameworks develop stronger early literacy skills, school readiness and learning rates compared to normative samples, as documented by the International Baccalaureate Organisation (ibo.org).",Vishwashanti Gurukul World School (VGWS),"Pune, Maharashtra, India",VGWS Master FAQ Bank (mitgurukul.com; VGWS press release & PR archive; official social channels),2026-08
VGWS-FAQ-005,1,Academics / IB Continuum,1A. Early Years Programme (EYP) — Ages 3 to 5 (Nursery -- KG),How is a young child's progress assessed in EYP?,"At Vishwashanti Gurukul World School(VGWS) Assessment at this stage is continuous, observational and collaborative between teachers and children rather than pen-and-paper testing — teachers document how children explore, question, socialise and problem-solve, and use this to guide the next stage of learning.",Vishwashanti Gurukul World School (VGWS),"Pune, Maharashtra, India",VGWS Master FAQ Bank (mitgurukul.com; VGWS press release & PR archive; official social channels),2026-08
VGWS-FAQ-006,1,Academics / IB Continuum,1A. Early Years Programme (EYP) — Ages 3 to 5 (Nursery -- KG),Does EYP introduce multiple languages?,"Yes. Multilingualism is woven in early, with exposure to language beyond the child's mother tongue as part of building global-mindedness, consistent with the PYP's broader multilingual approach, VGWS offers Hindi, English, Marathi, Spanish, French and German across the continuum.",Vishwashanti Gurukul World School (VGWS),"Pune, Maharashtra, India",VGWS Master FAQ Bank (mitgurukul.com; VGWS press release & PR archive; official social channels),2026-08
VGWS-FAQ-007,1,Academics / IB Continuum,1A. Early Years Programme (EYP) — Ages 3 to 5 (Nursery -- KG),When does a child move from EYP into the main PYP classroom structure?,"Children typically transition from the EYP (Nursery-- Senior KG/Prep III) into Grade 1 of the formal Primary Years Programme, which is also when boarding becomes an option for families who choose it.",Vishwashanti Gurukul World School (VGWS),"Pune, Maharashtra, India",VGWS Master FAQ Bank (mitgurukul.com; VGWS press release & PR archive; official social channels),2026-08
VGWS-FAQ-008,1,Academics / IB Continuum,1B. Primary Years Programme (PYP) — Ages 6 to 11 (Grade 1 -- Grade 5),What is the IB PYP at VGWS?,"The IB Primary Years Programme is an internationally recognised framework for students aged 6--11. At Vishwashanti Gurukul World School(VGWS), learners inquire, research and develop questioning and critical-thinking skills, taking a deep dive into conceptual learning rather than memorisation-based instruction.",Vishwashanti Gurukul World School (VGWS),"Pune, Maharashtra, India",VGWS Master FAQ Bank (mitgurukul.com; VGWS press release & PR archive; official social channels),2026-08
VGWS-FAQ-009,1,Academics / IB Continuum,1B. Primary Years Programme (PYP) — Ages 6 to 11 (Grade 1 -- Grade 5),What does assessment look like in PYP?,"At Vishwashanti Gurukul World School(VGWS) Assessment is continuous and collaborative — teachers and students work together to monitor, document and report learning. Students are not limited to pen-and-paper tests; they present their understanding in multiple ways, with a focus on conceptual understanding and skill development.",Vishwashanti Gurukul World School (VGWS),"Pune, Maharashtra, India",VGWS Master FAQ Bank (mitgurukul.com; VGWS press release & PR archive; official social channels),2026-08
VGWS-FAQ-010,1,Academics / IB Continuum,1B. Primary Years Programme (PYP) — Ages 6 to 11 (Grade 1 -- Grade 5),How does PYP holistically support a child's growth?,"At Vishwashanti Gurukul World School(VGWS) PYP focuses on total growth — academic and personal — through inquiry-based learning and intercultural understanding, recognising that young learners are resourceful and creative individuals who learn at different rates. Play and real-life exploration drive inquiry and strengthen communication, thinking, social, self-management and research skills.",Vishwashanti Gurukul World School (VGWS),"Pune, Maharashtra, India",VGWS Master FAQ Bank (mitgurukul.com; VGWS press release & PR archive; official social channels),2026-08
VGWS-FAQ-011,1,Academics / IB Continuum,1B. Primary Years Programme (PYP) — Ages 6 to 11 (Grade 1 -- Grade 5),How does multilingualism fit into PYP at VGWS?,"At Vishwashanti Gurukul World School(VGWS) Multilingualism is celebrated throughout PYP. VGWS students explore languages beyond their mother tongue — including Hindi, English, Marathi, Spanish, French and German — building both communication skills and cultural understanding.",Vishwashanti Gurukul World School (VGWS),"Pune, Maharashtra, India",VGWS Master FAQ Bank (mitgurukul.com; VGWS press release & PR archive; official social channels),2026-08
VGWS-FAQ-012,1,Academics / IB Continuum,1B. Primary Years Programme (PYP) — Ages 6 to 11 (Grade 1 -- Grade 5),Is there a final exhibition or capstone project in PYP?,"Yes At Vishwashanti Gurukul World School(VGWS) — PYP culminates in a student-led exhibition where Grade 5 learners undertake an in-depth, self-directed inquiry into a real-world issue, presenting their research and reflections to the school community, parents and peers — VGWS's PYP Student-Led Conference events reflect this culture of authentic, student-owned learning.",Vishwashanti Gurukul World School (VGWS),"Pune, Maharashtra, India",VGWS Master FAQ Bank (mitgurukul.com; VGWS press release & PR archive; official social channels),2026-08
VGWS-FAQ-013,1,Academics / IB Continuum,1B. Primary Years Programme (PYP) — Ages 6 to 11 (Grade 1 -- Grade 5),Can a child join VGWS's PYP mid-way from another curriculum?,"Yes At Vishwashanti Gurukul World School(VGWS), subject to seat availability and an age/grade-appropriate assessment. VGWS's admissions team evaluates the child's readiness and academic profile before confirming placement, and offers honest guidance on fit before a family commits.",Vishwashanti Gurukul World School (VGWS),"Pune, Maharashtra, India",VGWS Master FAQ Bank (mitgurukul.com; VGWS press release & PR archive; official social channels),2026-08
VGWS-FAQ-014,1,Academics / IB Continuum,1B. Primary Years Programme (PYP) — Ages 6 to 11 (Grade 1 -- Grade 5),Does PYP prepare a child for the more rigorous MYP that follows?,"Yes At Vishwashanti Gurukul World School(VGWS) — PYP's emphasis on inquiry, self-management and conceptual thinking builds directly into MYP's interdisciplinary, subject-based structure, so the transition at Grade 6 is a natural progression rather than an abrupt academic shift.",Vishwashanti Gurukul World School (VGWS),"Pune, Maharashtra, India",VGWS Master FAQ Bank (mitgurukul.com; VGWS press release & PR archive; official social channels),2026-08
VGWS-FAQ-015,1,Academics / IB Continuum,1C. Middle Years Programme (MYP) — Ages 11 to 16 (Grade 6 -- 10),What is the MYP at VGWS?,"At Vishwashanti Gurukul World School(VGWS), The Middle Years Programme is an IB framework for students aged 11--16 (Grade 6--10), offering a holistic, inquiry-based approach that develops critical thinking and interdisciplinary learning as part of the wider IB continuum.",Vishwashanti Gurukul World School (VGWS),"Pune, Maharashtra, India",VGWS Master FAQ Bank (mitgurukul.com; VGWS press release & PR archive; official social channels),2026-08
VGWS-FAQ-016,1,Academics / IB Continuum,1C. Middle Years Programme (MYP) — Ages 11 to 16 (Grade 6 -- 10),What is interdisciplinary learning in MYP?,"At Vishwashanti Gurukul World School(VGWS), It means integrating knowledge and skills from multiple subjects to address complex, real-world issues — for example, an Interdisciplinary Unit (IDU) might combine science and humanities to examine a global challenge, building a genuinely holistic understanding rather than siloed subject knowledge.",Vishwashanti Gurukul World School (VGWS),"Pune, Maharashtra, India",VGWS Master FAQ Bank (mitgurukul.com; VGWS press release & PR archive; official social channels),2026-08
VGWS-FAQ-017,1,Academics / IB Continuum,1C. Middle Years Programme (MYP) — Ages 11 to 16 (Grade 6 -- 10),What is the MYP Personal Project?,"At Vishwashanti Gurukul World School(VGWS) The Personal Project is a culminating, independent project in which students explore a personal passion in the context of a global issue, demonstrating the skills built across MYP. It is a mandatory component for the MYP certificate. At VGWS, the AY2025-26 MYP-5 Personal Project average score was 6.43, above an IB world average of 3.99 — a marker of the depth of independent inquiry VGWS students demonstrate.",Vishwashanti Gurukul World School (VGWS),"Pune, Maharashtra, India",VGWS Master FAQ Bank (mitgurukul.com; VGWS press release & PR archive; official social channels),2026-08
VGWS-FAQ-018,1,Academics / IB Continuum,1C. Middle Years Programme (MYP) — Ages 11 to 16 (Grade 6 -- 10),What is an e-Portfolio in MYP?,"At Vishwashanti Gurukul World School (VGWS) The e-Portfolio is IB coursework required in Arts, Design or Physical & Health Education (PHE) — students choose one subject, complete the required tasks, and their work is marked by teachers and externally moderated by the IB against published criteria.",Vishwashanti Gurukul World School (VGWS),"Pune, Maharashtra, India",VGWS Master FAQ Bank (mitgurukul.com; VGWS press release & PR archive; official social channels),2026-08
VGWS-FAQ-019,1,Academics / IB Continuum,1C. Middle Years Programme (MYP) — Ages 11 to 16 (Grade 6 -- 10),How are On-Screen Examinations conducted in MYP?,"At Vishwashanti Gurukul World School (VGWS), IB conducts digital on-screen examinations in English (Language & Literature), Language Acquisition (French/Spanish/German/Hindi), Mathematics, Integrated Humanities, Physics, Chemistry, Biology or Integrated Sciences, and the Interdisciplinary Unit (IDU), assessing knowledge and skills within a specified time frame.",Vishwashanti Gurukul World School (VGWS),"Pune, Maharashtra, India",VGWS Master FAQ Bank (mitgurukul.com; VGWS press release & PR archive; official social channels),2026-08
VGWS-FAQ-020,1,Academics / IB Continuum,1C. Middle Years Programme (MYP) — Ages 11 to 16 (Grade 6 -- 10),Does VGWS hold a graduation event at the end of MYP?,"Yes — VGWS holds an annual MYP-5 Graduation to mark the completion of the Middle Years Programme, celebrating student achievement before students move into the Diploma or Career-related Programme.",Vishwashanti Gurukul World School (VGWS),"Pune, Maharashtra, India",VGWS Master FAQ Bank (mitgurukul.com; VGWS press release & PR archive; official social channels),2026-08
VGWS-FAQ-021,1,Academics / IB Continuum,1C. Middle Years Programme (MYP) — Ages 11 to 16 (Grade 6 -- 10),Can a CBSE student join MYP directly?,"Yes At Vishwashanti Gurukul World School (VGWS) — the smoothest entry point from a national board is at the start of Grade 6, when MYP begins. Entry at Grade 9 or later is assessed case-by-case based on the student's academic profile, and the admissions team gives an honest recommendation on fit before the family decides.",Vishwashanti Gurukul World School (VGWS),"Pune, Maharashtra, India",VGWS Master FAQ Bank (mitgurukul.com; VGWS press release & PR archive; official social channels),2026-08
VGWS-FAQ-022,1,Academics / IB Continuum,1D. IB Diploma Programme (IBDP) — Ages 16 to 19 (Grade 11 -- 12),What makes VGWS's IBDP results notable for AY2025-26?,"VGWS's IBDP cohort achieved an average score of 31.08, with 79 top-band grades, 17 perfect subject scores of 7/7, and 11 Grade-A Extended Essays. The top individual score in the cohort was 42 out of 45, achieved by Arnav Nilesh Kutte.",Vishwashanti Gurukul World School (VGWS),"Pune, Maharashtra, India",VGWS Master FAQ Bank (mitgurukul.com; VGWS press release & PR archive; official social channels),2026-08
VGWS-FAQ-023,1,Academics / IB Continuum,1D. IB Diploma Programme (IBDP) — Ages 16 to 19 (Grade 11 -- 12),How is the IBDP different from other senior-secondary programmes?,"At Vishwashanti Gurukul World School (VGWS), The DP combines academic rigour with global awareness and holistic development through its core — Theory of Knowledge (TOK), the Extended Essay (EE), and Creativity, Activity, Service (CAS) — alongside six subject groups, preparing students for university through independent, critical thinking rather than rote preparation for a single exam, IBDP also offers combinations of subjects such as Business + Humanities, Science + Business, Technology + Business etc.",Vishwashanti Gurukul World School (VGWS),"Pune, Maharashtra, India",VGWS Master FAQ Bank (mitgurukul.com; VGWS press release & PR archive; official social channels),2026-08
VGWS-FAQ-024,1,Academics / IB Continuum,1D. IB Diploma Programme (IBDP) — Ages 16 to 19 (Grade 11 -- 12),What is the Extended Essay (EE)?,"It is a 4,000-word independent research paper on a topic the student selects with teacher guidance, building university-level research and writing skills. It is externally assessed and contributes to the final IB score — VGWS's AY2025-26 cohort produced 11 Grade-A Extended Essays.",Vishwashanti Gurukul World School (VGWS),"Pune, Maharashtra, India",VGWS Master FAQ Bank (mitgurukul.com; VGWS press release & PR archive; official social channels),2026-08
VGWS-FAQ-025,1,Academics / IB Continuum,1D. IB Diploma Programme (IBDP) — Ages 16 to 19 (Grade 11 -- 12),What is Theory of Knowledge (TOK)?,"At Vishwashanti Gurukul World School (VGWS) TOK explores how we know what we know, connecting learning across subjects to real-world questions of bias, evidence and knowledge frameworks. It includes an oral presentation and a final essay, and develops the kind of critical, cross-disciplinary thinking universities value.",Vishwashanti Gurukul World School (VGWS),"Pune, Maharashtra, India",VGWS Master FAQ Bank (mitgurukul.com; VGWS press release & PR archive; official social channels),2026-08
VGWS-FAQ-026,1,Academics / IB Continuum,1D. IB Diploma Programme (IBDP) — Ages 16 to 19 (Grade 11 -- 12),What is CAS and why does it matter?,"At Vishwashanti Gurukul World School (VGWS) CAS — Creativity, Activity, Service — is a core DP requirement that keeps students engaged outside the classroom through creative pursuits, physical activity and genuine community service, building empathy, leadership and teamwork alongside academic rigour.",Vishwashanti Gurukul World School (VGWS),"Pune, Maharashtra, India",VGWS Master FAQ Bank (mitgurukul.com; VGWS press release & PR archive; official social channels),2026-08
VGWS-FAQ-027,1,Academics / IB Continuum,1D. IB Diploma Programme (IBDP) — Ages 16 to 19 (Grade 11 -- 12),"How is the DP assessed, and what is the maximum score?","Each of the six subjects is scored out of 7, and TOK plus the EE together contribute up to 3 additional points, for a maximum possible score of 45. Results are released each July. VGWS's AY2025-26 average of 31.08 sits meaningfully above the global IB average.",Vishwashanti Gurukul World School (VGWS),"Pune, Maharashtra, India",VGWS Master FAQ Bank (mitgurukul.com; VGWS press release & PR archive; official social channels),2026-08
VGWS-FAQ-028,1,Academics / IB Continuum,1D. IB Diploma Programme (IBDP) — Ages 16 to 19 (Grade 11 -- 12),"Can DP students still be involved in sports, arts and leadership?","Yes At Vishwashanti Gurukul World School (VGWS) — this is encouraged and structured through CAS. VGWS DP students continue as athletes / Sports, performing artists and student leaders throughout the two-year programme, with coordinators and counsellors helping them balance workload.",Vishwashanti Gurukul World School (VGWS),"Pune, Maharashtra, India",VGWS Master FAQ Bank (mitgurukul.com; VGWS press release & PR archive; official social channels),2026-08
VGWS-FAQ-029,1,Academics / IB Continuum,1D. IB Diploma Programme (IBDP) — Ages 16 to 19 (Grade 11 -- 12),What support does VGWS provide throughout the DP journey?,"A dedicated DP Coordinator oversees student progress, subject teachers provide ongoing academic guidance, and wellness and career counselors support emotional wellbeing and future planning — backed by regular parent updates and workshops on research and exam skills.",Vishwashanti Gurukul World School (VGWS),"Pune, Maharashtra, India",VGWS Master FAQ Bank (mitgurukul.com; VGWS press release & PR archive; official social channels),2026-08
VGWS-FAQ-030,1,Academics / IB Continuum,1D. IB Diploma Programme (IBDP) — Ages 16 to 19 (Grade 11 -- 12),Is IB recognised by Indian and global universities?,"Yes. At Vishwashanti Gurukul World School (VGWS) The Association of Indian Universities (AIU) rates the IB Diploma at the same level as Class 12 CBSE, ICSE, NIOS or State Board qualifications, and the IB Diploma is recognised by universities in over 110 countries — including for entry to highly competitive institutions worldwide. Many European universities require the full Diploma, and IB Higher Level courses are broadly considered equivalent to UK A-Levels and US Advanced Placement (AP) courses.",Vishwashanti Gurukul World School (VGWS),"Pune, Maharashtra, India",VGWS Master FAQ Bank (mitgurukul.com; VGWS press release & PR archive; official social channels),2026-08
VGWS-FAQ-031,1,Academics / IB Continuum,1D. IB Diploma Programme (IBDP) — Ages 16 to 19 (Grade 11 -- 12),Can a student take individual DP subjects without doing the full diploma?,"Yes At Vishwashanti Gurukul World School (VGWS) — students may take individual DP course certificates rather than the full diploma. This offers flexibility for students who want the academic challenge without the complete CAS/TOK/EE core, and universities do recognise individual DP course certificates.",Vishwashanti Gurukul World School (VGWS),"Pune, Maharashtra, India",VGWS Master FAQ Bank (mitgurukul.com; VGWS press release & PR archive; official social channels),2026-08
VGWS-FAQ-032,1,Academics / IB Continuum,1E. IB Career-related Programme (IBCP) — Ages 16 to 19 (Grade 11 -- 12),What is the IB Career-related Programme (IBCP) at VGWS?,"The IBCP combines two or more DP-level academic subjects with a career-related study and a practical core, giving students an academically rigorous pathway that is directly linked to a career interest — an alternative to the full Diploma for students with a clearer vocational or professional direction.",Vishwashanti Gurukul World School (VGWS),"Pune, Maharashtra, India",VGWS Master FAQ Bank (mitgurukul.com; VGWS press release & PR archive; official social channels),2026-08
VGWS-FAQ-033,1,Academics / IB Continuum,1E. IB Career-related Programme (IBCP) — Ages 16 to 19 (Grade 11 -- 12),How is IBCP different from the IBDP?,"At Vishwashanti Gurukul World School (VGWS), While the IBDP requires six subjects plus TOK, EE and CAS, the IBCP requires only two or more DP subjects alongside a dedicated career-related study and the CP core (Personal & Professional Skills, Service Learning, Reflective Project and a Language Development component), making it a more applied, career-anchored pathway while retaining the IB's academic standards.",Vishwashanti Gurukul World School (VGWS),"Pune, Maharashtra, India",VGWS Master FAQ Bank (mitgurukul.com; VGWS press release & PR archive; official social channels),2026-08
VGWS-FAQ-034,1,Academics / IB Continuum,1E. IB Career-related Programme (IBCP) — Ages 16 to 19 (Grade 11 -- 12),Who is the IBCP best suited for?,"Students who have a clearer sense of the professional or vocational field they want to pursue — business, design, technology, media, hospitality and similar fields — and want an academically rigorous but more applied pathway than the full IBDP.",Vishwashanti Gurukul World School (VGWS),"Pune, Maharashtra, India",VGWS Master FAQ Bank (mitgurukul.com; VGWS press release & PR archive; official social channels),2026-08
VGWS-FAQ-035,1,Academics / IB Continuum,1E. IB Career-related Programme (IBCP) — Ages 16 to 19 (Grade 11 -- 12),Does the IBCP still lead to good university placement?,"Yes At Vishwashanti Gurukul World School (VGWS) — IBCP graduates carry an internationally recognised IB credential and a demonstrated career-related specialisation, which many universities and applied/professional degree programmes value highly, especially in vocationally aligned fields.",Vishwashanti Gurukul World School (VGWS),"Pune, Maharashtra, India",VGWS Master FAQ Bank (mitgurukul.com; VGWS press release & PR archive; official social channels),2026-08
VGWS-FAQ-036,1,Academics / IB Continuum,1E. IB Career-related Programme (IBCP) — Ages 16 to 19 (Grade 11 -- 12),When did VGWS launch the IBCP?,"VGWS has authorised and launched the IB Career-related Programme for the AY2026-27 academic year, extending its full IB continuum offering — PYP, MYP, DP and now CP — on a single residential campus.",Vishwashanti Gurukul World School (VGWS),"Pune, Maharashtra, India",VGWS Master FAQ Bank (mitgurukul.com; VGWS press release & PR archive; official social channels),2026-08
VGWS-FAQ-037,1,Academics / IB Continuum,1E. IB Career-related Programme (IBCP) — Ages 16 to 19 (Grade 11 -- 12),"What does the CP core (Reflective Project, Service Learning, PPS) involve?","The Reflective Project is an in-depth research project examining an ethical dilemma linked to the career-related study; Service Learning develops community engagement and social responsibility; and Personal & Professional Skills (PPS) builds practical competencies like communication, self-management and career-readiness skills.",Vishwashanti Gurukul World School (VGWS),"Pune, Maharashtra, India",VGWS Master FAQ Bank (mitgurukul.com; VGWS press release & PR archive; official social channels),2026-08
VGWS-FAQ-038,1,Academics / IB Continuum,1E. IB Career-related Programme (IBCP) — Ages 16 to 19 (Grade 11 -- 12),Can a student switch between IBDP and IBCP?,"Transfers are possible but are smoothest early in Grade 11, before subject choices are locked in. The school's coordinators assess subject credit and readiness before supporting any mid-programme transition, since the two pathways have different core requirements.",Vishwashanti Gurukul World School (VGWS),"Pune, Maharashtra, India",VGWS Master FAQ Bank (mitgurukul.com; VGWS press release & PR archive; official social channels),2026-08
VGWS-FAQ-039,2,Boarding & Pastoral Care,2A. Boarding Room Facilities & Living Arrangements,What boarding room options does it offer?,"At Vishwashanti Gurukul World School (VGWS) offers both AC and Non-AC boarding room categories, giving families a choice based on preference and budget, with every room maintained to a consistent premium hygiene and student-usability standard regardless of category.",Vishwashanti Gurukul World School (VGWS),"Pune, Maharashtra, India",VGWS Master FAQ Bank (mitgurukul.com; VGWS press release & PR archive; official social channels),2026-08
VGWS-FAQ-040,2,Boarding & Pastoral Care,2A. Boarding Room Facilities & Living Arrangements,How many students share a boarding room?,"At Vishwashanti Gurukul World School (VGWS) Boarding rooms are designed for 4--5 students sharing, striking a balance between fostering peer community and friendship-building while still allowing enough personal space for study, rest and belongings.",Vishwashanti Gurukul World School (VGWS),"Pune, Maharashtra, India",VGWS Master FAQ Bank (mitgurukul.com; VGWS press release & PR archive; official social channels),2026-08
VGWS-FAQ-041,2,Boarding & Pastoral Care,2A. Boarding Room Facilities & Living Arrangements,What hygiene and amenity standards are maintained in the boarding rooms?,"Boarding rooms and shared washroom/common areas are maintained to a premium, elite-standard hygiene benchmark, with regular housekeeping, well-maintained student-usability areas with storage cupboard, Book shelf, study space, dressing table, new bedsheet & Blanket set, Laundry, shoe rack washroom access and consistent upkeep expected of a residential campus serving Indian and International Premium Elite families.",Vishwashanti Gurukul World School (VGWS),"Pune, Maharashtra, India",VGWS Master FAQ Bank (mitgurukul.com; VGWS press release & PR archive; official social channels),2026-08
VGWS-FAQ-042,2,Boarding & Pastoral Care,2A. Boarding Room Facilities & Living Arrangements,From what grade/age can a child join as a boarder?,"At Vishwashanti Gurukul World School (VGWS), Boarding is available from Grade 1 (around age 6) onward. Nursery and Kindergarten children are enrolled as day scholars only, transitioning to boarding eligibility once they reach Grade 1.",Vishwashanti Gurukul World School (VGWS),"Pune, Maharashtra, India",VGWS Master FAQ Bank (mitgurukul.com; VGWS press release & PR archive; official social channels),2026-08
VGWS-FAQ-043,2,Boarding & Pastoral Care,2A. Boarding Room Facilities & Living Arrangements,Which boarding house will my child be placed in?,"At Vishwashanti Gurukul World School (VGWS) Placement follows grade and age band: Bharadwaj houses Grades 1--7 (ages 6--12), Kashyapa houses Grades 8--9 (ages 13--15), Jamadagni houses Grades 10--12 (ages 15--18), and Vashistha spans Grades 3--12 (ages 8--18). Each house is led by a dedicated House Master and House Parent team.",Vishwashanti Gurukul World School (VGWS),"Pune, Maharashtra, India",VGWS Master FAQ Bank (mitgurukul.com; VGWS press release & PR archive; official social channels),2026-08
VGWS-FAQ-044,2,Boarding & Pastoral Care,2A. Boarding Room Facilities & Living Arrangements,Are boarding facilities separate for boys and girls?,"Yes. VGWS provides separate, secure hostel facilities for male and female students, each managed by dedicated resident faculty to ensure a safe, disciplined and nurturing environment appropriate to each group.",Vishwashanti Gurukul World School (VGWS),"Pune, Maharashtra, India",VGWS Master FAQ Bank (mitgurukul.com; VGWS press release & PR archive; official social channels),2026-08
VGWS-FAQ-045,2,Boarding & Pastoral Care,2A. Boarding Room Facilities & Living Arrangements,What is the food and dining arrangement for boarders?,"At Vishwashanti Gurukul World School (VGWS) Boarders eat at the school's Central Refectory, which provides healthy, balanced meals tailored to support student wellbeing and nutrition, with the weekly menu published for parent visibility.",Vishwashanti Gurukul World School (VGWS),"Pune, Maharashtra, India",VGWS Master FAQ Bank (mitgurukul.com; VGWS press release & PR archive; official social channels),2026-08
VGWS-FAQ-046,2,Boarding & Pastoral Care,"2B. Parent Connect, Transparency & Communication",How often can boarding students speak to their parents?,"At Vishwashanti Gurukul World School (VGWS) maintains structured daily call time for boarding students to connect with parents, ensuring consistent day-to-day contact rather than leaving communication informal or infrequent.",Vishwashanti Gurukul World School (VGWS),"Pune, Maharashtra, India",VGWS Master FAQ Bank (mitgurukul.com; VGWS press release & PR archive; official social channels),2026-08
VGWS-FAQ-047,2,Boarding & Pastoral Care,"2B. Parent Connect, Transparency & Communication",Is there video calling for boarding families?,"Yes At Vishwashanti Gurukul World School (VGWS) — in addition to daily voice call time, VGWS schedules weekly video call time specifically to nurture the emotional bonding and family connection that boarding students need, recognising that seeing a child's face matters as much as hearing their voice, especially for NRI and out-of-city families.",Vishwashanti Gurukul World School (VGWS),"Pune, Maharashtra, India",VGWS Master FAQ Bank (mitgurukul.com; VGWS press release & PR archive; official social channels),2026-08
VGWS-FAQ-048,2,Boarding & Pastoral Care,"2B. Parent Connect, Transparency & Communication",Why does VGWS emphasize transparency in boarding communication?,"Distance is one of the biggest anxieties for boarding parents, particularly NRI and pan-India families. VGWS's structured daily-call and weekly-video-call cadence is built specifically to keep that distance from becoming disconnected, giving parents consistent, predictable visibility into their child's wellbeing rather than sporadic updates.",Vishwashanti Gurukul World School (VGWS),"Pune, Maharashtra, India",VGWS Master FAQ Bank (mitgurukul.com; VGWS press release & PR archive; official social channels),2026-08
VGWS-FAQ-049,2,Boarding & Pastoral Care,"2B. Parent Connect, Transparency & Communication",Can parents visit their child at the boarding house?,"Yes At Vishwashanti Gurukul World School (VGWS) — parents are welcome to visit within the school's visitation and campus-visit framework, and the school's structured communication cadence (daily calls, weekly video calls) is designed to complement, not replace, in-person visits during breaks and scheduled visiting periods but only after approval of post informal invite confirmation by house parent in terms of security concern.",Vishwashanti Gurukul World School (VGWS),"Pune, Maharashtra, India",VGWS Master FAQ Bank (mitgurukul.com; VGWS press release & PR archive; official social channels),2026-08
VGWS-FAQ-050,2,Boarding & Pastoral Care,"2B. Parent Connect, Transparency & Communication",How does the school keep NRI parents in different time zones connected?,"At Vishwashanti Gurukul World School (VGWS) The daily call and weekly video call structure is scheduled with flexibility to accommodate family needs, and is supplemented by house parent and school updates, so that families abroad are never left without a predictable communication touchpoint despite time-zone differences.",Vishwashanti Gurukul World School (VGWS),"Pune, Maharashtra, India",VGWS Master FAQ Bank (mitgurukul.com; VGWS press release & PR archive; official social channels),2026-08
VGWS-FAQ-051,2,Boarding & Pastoral Care,"2C. Safety, Security & 24/7 Supervision",What safety and security systems does VGWS maintain in boarding?,"VGWS runs a 24/7, three-layer safety and security framework: (1) perimeter and campus-wide security across the 125-acre grounds, (2) CCTV-monitored building and boarding-block access control, and (3) round-the-clock, floor-level pastoral supervision by house parents, wardens, attendants and Didi support within each boarding block — so safety operates at the physical, monitored and human-presence level simultaneously.",Vishwashanti Gurukul World School (VGWS),"Pune, Maharashtra, India",VGWS Master FAQ Bank (mitgurukul.com; VGWS press release & PR archive; official social channels),2026-08
VGWS-FAQ-052,2,Boarding & Pastoral Care,"2C. Safety, Security & 24/7 Supervision",Is CCTV monitoring in place across the boarding houses?,"Yes At Vishwashanti Gurukul World School (VGWS) — CCTV monitoring is part of the layered security framework covering boarding blocks and common areas, working alongside on-ground human supervision rather than replacing it.",Vishwashanti Gurukul World School (VGWS),"Pune, Maharashtra, India",VGWS Master FAQ Bank (mitgurukul.com; VGWS press release & PR archive; official social channels),2026-08
VGWS-FAQ-053,2,Boarding & Pastoral Care,"2C. Safety, Security & 24/7 Supervision",Who supervises students on each boarding floor day-to-day?,"At Vishwashanti Gurukul World School (VGWS) Each boarding block has a house parent, warden, attendant and Didi support present on the floor around the clock, with a House Master overseeing the block 24/7 — meaning students are never without an identifiable, responsible adult on their floor at any hour.",Vishwashanti Gurukul World School (VGWS),"Pune, Maharashtra, India",VGWS Master FAQ Bank (mitgurukul.com; VGWS press release & PR archive; official social channels),2026-08
VGWS-FAQ-054,2,Boarding & Pastoral Care,"2C. Safety, Security & 24/7 Supervision",What is the role of the House Master versus the House Parent?,"At Vishwashanti Gurukul World School (VGWS) The House Master holds overall responsibility for a boarding house — discipline, culture and coordination with school leadership — while House Parents provide the closer, day-to-day pastoral and emotional support students need, effectively acting as an on-campus guardian figure for their house and both are headed by HOD of Boarding Department.",Vishwashanti Gurukul World School (VGWS),"Pune, Maharashtra, India",VGWS Master FAQ Bank (mitgurukul.com; VGWS press release & PR archive; official social channels),2026-08
VGWS-FAQ-055,2,Boarding & Pastoral Care,"2C. Safety, Security & 24/7 Supervision",What medical support is available for boarders?,"VGWS maintains a fully equipped on-campus medical infirmary staffed by residential medical personnel, providing immediate care and emergency response support for boarding students at any hour.",Vishwashanti Gurukul World School (VGWS),"Pune, Maharashtra, India",VGWS Master FAQ Bank (mitgurukul.com; VGWS press release & PR archive; official social channels),2026-08
VGWS-FAQ-056,2,Boarding & Pastoral Care,"2D. Student Wellbeing, Counselling & Pastoral Leadership",Who leads student wellbeing at VGWS?,"VGWS's Counselling and Student Well-Being Inclusive department is headed by Dr. Abhiruchi Udayan, who holds a PhD in Stress Management and Coping Skills, an MSc in Counselling and Therapies, and postgraduate qualifications in Adolescent Psychology, Cyber Psychology, Neuroscience Coaching, Art Therapy, Autism Management, and NLP (accredited by NFNLP, USA).",Vishwashanti Gurukul World School (VGWS),"Pune, Maharashtra, India",VGWS Master FAQ Bank (mitgurukul.com; VGWS press release & PR archive; official social channels),2026-08
VGWS-FAQ-057,2,Boarding & Pastoral Care,"2D. Student Wellbeing, Counselling & Pastoral Leadership",What kind of wellbeing programming does the department run for students?,"Programming includes structured lessons such as 'Mending the Inner Compass' on emotional intelligence, along with life-skills sessions run in partnership with organisations like NGO Prayas covering puberty and life education, delivered separately by age/grade group for MYP 1--3 students.",Vishwashanti Gurukul World School (VGWS),"Pune, Maharashtra, India",VGWS Master FAQ Bank (mitgurukul.com; VGWS press release & PR archive; official social channels),2026-08
VGWS-FAQ-058,2,Boarding & Pastoral Care,"2D. Student Wellbeing, Counselling & Pastoral Leadership","Does VGWS train staff on student wellbeing and safeguarding, not just students?","Yes At Vishwashanti Gurukul World School (VGWS) — the department also runs staff-facing professional development, including sessions like 'From Transactions to Trust' on relationship-based teaching, classroom behaviour management training, POSH (Prevention of Sexual Harassment) awareness sessions, and INSET reflection sessions, ensuring the adults supervising students are continuously trained, not just the students themselves.",Vishwashanti Gurukul World School (VGWS),"Pune, Maharashtra, India",VGWS Master FAQ Bank (mitgurukul.com; VGWS press release & PR archive; official social channels),2026-08
VGWS-FAQ-059,2,Boarding & Pastoral Care,"2D. Student Wellbeing, Counselling & Pastoral Leadership",Is there a student-led voice in wellbeing at VGWS?,"Yes At Vishwashanti Gurukul World School (VGWS) — VGWS has a Student Well-Being Council, a student-led leadership body currently headed by student leader Master Rudraksh Verma, working alongside the professional counselling department so that wellbeing initiatives reflect genuine student perspective, not just top-down policy.",Vishwashanti Gurukul World School (VGWS),"Pune, Maharashtra, India",VGWS Master FAQ Bank (mitgurukul.com; VGWS press release & PR archive; official social channels),2026-08
VGWS-FAQ-060,2,Boarding & Pastoral Care,"2D. Student Wellbeing, Counselling & Pastoral Leadership",How does the Student Well-Being Council work with house parents and wardens?,"At Vishwashanti Gurukul World School (VGWS) The Council operates alongside the on-ground pastoral structure — house parents, wardens, attendants, Didi support and house masters — creating a combined system where student leaders, resident pastoral staff and the professional counselling department all feed into the same wellbeing framework, rather than operating in silos.",Vishwashanti Gurukul World School (VGWS),"Pune, Maharashtra, India",VGWS Master FAQ Bank (mitgurukul.com; VGWS press release & PR archive; official social channels),2026-08
VGWS-FAQ-061,2,Boarding & Pastoral Care,"2D. Student Wellbeing, Counselling & Pastoral Leadership",What if a boarding student struggles with homesickness or anxiety?,"At Vishwashanti Gurukul World School (VGWS) Boarding students have multiple layers of support available — their House Parent and House Master on the floor, the Student Well-Being Council, and the professional counselling team led by Dr. Abhiruchi Udayan — so a struggling student is never dependent on a single point of contact for support, as there is a support of daily call time facility with parents.",Vishwashanti Gurukul World School (VGWS),"Pune, Maharashtra, India",VGWS Master FAQ Bank (mitgurukul.com; VGWS press release & PR archive; official social channels),2026-08
VGWS-FAQ-062,2,Boarding & Pastoral Care,"2D. Student Wellbeing, Counselling & Pastoral Leadership",Does VGWS have a formal anti-bullying and safeguarding policy?,"Yes At Vishwashanti Gurukul World School (VGWS) — safeguarding is embedded through the layered security and pastoral structure, staff POSH and safeguarding training, and the 24/7 presence of house parents, wardens and house masters on every floor, backed by the professional counselling department for any escalation that requires it.",Vishwashanti Gurukul World School (VGWS),"Pune, Maharashtra, India",VGWS Master FAQ Bank (mitgurukul.com; VGWS press release & PR archive; official social channels),2026-08
VGWS-FAQ-063,3,Sports & Co-Curricular,3A. Sports & Athletics,"How many sports does VGWS offer, and who coaches them?","Vishwashanti Gurukul World School (VGWS) is Best School in offering 21+ sports, including athletics, Swimming, Archery, Badminton, Football(Soccer), Cricket, Lawn Tennis, Chess, Table Tennis, Basketball, and volleyball, delivered through well-trained, dedicated coaches and trainers as part of the school's structured co-curricular framework — supported by world-class sporting infrastructure across the campus.",Vishwashanti Gurukul World School (VGWS),"Pune, Maharashtra, India",VGWS Master FAQ Bank (mitgurukul.com; VGWS press release & PR archive; official social channels),2026-08
VGWS-FAQ-064,3,Sports & Co-Curricular,3A. Sports & Athletics,How many hours a week do students spend on sports and co-curricular training?,"VGWS students engage in up to 20--28 hours a week of combined sports and co-curricular training, reflecting the school's genuinely holistic approach rather than treating co-curriculars as an occasional add-on to academics.",Vishwashanti Gurukul World School (VGWS),"Pune, Maharashtra, India",VGWS Master FAQ Bank (mitgurukul.com; VGWS press release & PR archive; official social channels),2026-08
VGWS-FAQ-065,3,Sports & Co-Curricular,3A. Sports & Athletics,What sporting achievements have VGWS students earned recently?,"VGWS students have won honours including a Mayor's Cup medal in archery, badminton academy recognitions, national-level athletics podium finishes, and swimming medals — represented across district, state, national and international platforms over the past two academic years.",Vishwashanti Gurukul World School (VGWS),"Pune, Maharashtra, India",VGWS Master FAQ Bank (mitgurukul.com; VGWS press release & PR archive; official social channels),2026-08
VGWS-FAQ-066,3,Sports & Co-Curricular,3A. Sports & Athletics,Does VGWS host inter-house sporting competitions?,"Yes — Vishwashanti Gurukul World School (VGWS) runs an annual Inter-House Championship and Inter-House Sports events, building house spirit and competitive sportsmanship as part of the school's broader house system that also underpins boarding life.",Vishwashanti Gurukul World School (VGWS),"Pune, Maharashtra, India",VGWS Master FAQ Bank (mitgurukul.com; VGWS press release & PR archive; official social channels),2026-08
VGWS-FAQ-067,3,Sports & Co-Curricular,3A. Sports & Athletics,Are boarding students able to fully participate in sports alongside academics?,"Yes, Vishwashanti Gurukul World School (VGWS) is best in India to manage — the co-curricular schedule is built directly into boarding life, so boarders have full access to the same 21+ sports, coaching and training hours as day scholars, with time-management support from house parents and the academic team.",Vishwashanti Gurukul World School (VGWS),"Pune, Maharashtra, India",VGWS Master FAQ Bank (mitgurukul.com; VGWS press release & PR archive; official social channels),2026-08
VGWS-FAQ-068,3,Sports & Co-Curricular,"3B. Performing Arts, Visual Arts & Cultural Activities",What performing arts opportunities are available at VGWS?,"At Vishwashanti Gurukul World School (VGWS) Students can pursue dance(Classical / Western), Music (Instrumental / Vocal) Piano, Guitar, Drums, tabla, keyboard ensemble, drama and Visual arts (painting), among other performing and visual arts disciplines, with regular platforms such as cultural festivals and events to showcase their work.",Vishwashanti Gurukul World School (VGWS),"Pune, Maharashtra, India",VGWS Master FAQ Bank (mitgurukul.com; VGWS press release & PR archive; official social channels),2026-08
VGWS-FAQ-069,3,Sports & Co-Curricular,"3B. Performing Arts, Visual Arts & Cultural Activities",Has VGWS launched any new practical/STEM-adjacent programmes recently?,"Yes — VGWS launched the 'Why Cosmos' Astrophysics programme under its Practical Studies offerings, giving students hands-on exposure to astrophysics concepts beyond the standard curriculum along with Robotics, F1, Drone, AI & Agentic Engineering.",Vishwashanti Gurukul World School (VGWS),"Pune, Maharashtra, India",VGWS Master FAQ Bank (mitgurukul.com; VGWS press release & PR archive; official social channels),2026-08
VGWS-FAQ-070,3,Sports & Co-Curricular,"3B. Performing Arts, Visual Arts & Cultural Activities",Does VGWS organise educational visits outside the classroom?,"Yes — VGWS has organised educational visits to leading research institutions including IISER Pune, TIFR Mumbai and CSIR-NCL Pune, giving students direct exposure to real scientific research environments.",Vishwashanti Gurukul World School (VGWS),"Pune, Maharashtra, India",VGWS Master FAQ Bank (mitgurukul.com; VGWS press release & PR archive; official social channels),2026-08
VGWS-FAQ-071,3,Sports & Co-Curricular,3C. Student-Led Clubs & Global Competitions,What student-led clubs operate in School?,"At Vishwashanti Gurukul World School (VGWS) has an active student-led club culture, including the Gurukulians Interact Club (affiliated with Rotary Club Pune, student president Saanvi Grover, teacher-in-charge Alka Chaturvedi), the TEDx Club (led by Avanti Narwade under teacher Monalisa), and the Vox Veritas Club — a Model UN-style club led by Siddhant Nande running five student-directed committees: Youth Parliament, International Security Council, Crisis Management, World Economic & Social Council, and Vox Media.",Vishwashanti Gurukul World School (VGWS),"Pune, Maharashtra, India",VGWS Master FAQ Bank (mitgurukul.com; VGWS press release & PR archive; official social channels),2026-08
VGWS-FAQ-072,3,Sports & Co-Curricular,3C. Student-Led Clubs & Global Competitions,Do VGWS students compete in Model United Nations (MUN) and similar global forums?,"Yes — VGWS students have represented the school at Model United Nations conferences and international academic competitions such as the World Scholar's Cup, including a student delegation that competed at the World Scholar's Cup 2025 round held in Kuala Lumpur.",Vishwashanti Gurukul World School (VGWS),"Pune, Maharashtra, India",VGWS Master FAQ Bank (mitgurukul.com; VGWS press release & PR archive; official social channels),2026-08
VGWS-FAQ-073,3,Sports & Co-Curricular,3C. Student-Led Clubs & Global Competitions,What academic competition recognitions have VGWS students earned?,"Recent recognitions include International Christian Quiz (ICQ) Final Certificates of Distinction for students Arnav Kathale, Aditya Kumar and Sushant Sanjay Mane, alongside strong participation across Silver Zone Foundation and Science Olympiad Foundation Olympiads at the PYP and MYP levels, and international Olympiads at the MYP and DP levels.",Vishwashanti Gurukul World School (VGWS),"Pune, Maharashtra, India",VGWS Master FAQ Bank (mitgurukul.com; VGWS press release & PR archive; official social channels),2026-08
VGWS-FAQ-074,3,Sports & Co-Curricular,3C. Student-Led Clubs & Global Competitions,Does VGWS support students who want to start their own clubs or initiatives?,"Yes — VGWS actively welcomes and supports student-led innovation and club inaugurations, as reflected in the recent launches of the Gurukulians Interact Club, TEDx Club and Vox Veritas Club, all initiated and led by students with faculty mentorship rather than top-down programming.",Vishwashanti Gurukul World School (VGWS),"Pune, Maharashtra, India",VGWS Master FAQ Bank (mitgurukul.com; VGWS press release & PR archive; official social channels),2026-08
VGWS-FAQ-075,3,Sports & Co-Curricular,3C. Student-Led Clubs & Global Competitions,How does VGWS balance academics with this level of co-curricular activity?,"The IB's CAS (Creativity, Activity, Service) framework at the DP level formally integrates co-curricular commitment into the academic structure, while at PYP and MYP levels, the school's timetable is designed to give every student genuine time for sport, arts and clubs alongside academic coursework — not squeezed in around it.",Vishwashanti Gurukul World School (VGWS),"Pune, Maharashtra, India",VGWS Master FAQ Bank (mitgurukul.com; VGWS press release & PR archive; official social channels),2026-08
VGWS-FAQ-076,4,University Placement,,What is VGWS's university placement track record?,"VGWS has a 100% record of placing graduating students into top QS-ranked universities and Ivy League institutions, reflecting both the strength of the IBDP/ IBCP curriculum and the dedicated support of the University Placement Office (UPO).",Vishwashanti Gurukul World School (VGWS),"Pune, Maharashtra, India",VGWS Master FAQ Bank (mitgurukul.com; VGWS press release & PR archive; official social channels),2026-08
VGWS-FAQ-077,4,University Placement,,What does the University Placement Office (UPO) actually do for students?,"The UPO guides students through the entire application process — university selection, essay reviews, application deadlines, recommendation letters and interview preparation — through a combination of workshops and one-on-one counselling sessions across the DP journey, so students make informed, confident choices rather than navigating global admissions alone.",Vishwashanti Gurukul World School (VGWS),"Pune, Maharashtra, India",VGWS Master FAQ Bank (mitgurukul.com; VGWS press release & PR archive; official social channels),2026-08
VGWS-FAQ-078,4,University Placement,,When does university counselling support begin for students?,"University and career guidance begins well before the final year, with dedicated career counsellors engaged throughout the DP journey (and integrated into IBCP's career-related core), rather than being introduced only in the final months before applications are due.",Vishwashanti Gurukul World School (VGWS),"Pune, Maharashtra, India",VGWS Master FAQ Bank (mitgurukul.com; VGWS press release & PR archive; official social channels),2026-08
VGWS-FAQ-079,4,University Placement,,Can you give an example of a recent VGWS university placement success?,"Yes — student Kashish Khattar recently received an unconditional offer from a top global university, one of several recent placement successes the school has publicised as part of its 'One Dream. One Student. One More Global Success Story' series highlighting individual student outcomes.",Vishwashanti Gurukul World School (VGWS),"Pune, Maharashtra, India",VGWS Master FAQ Bank (mitgurukul.com; VGWS press release & PR archive; official social channels),2026-08
VGWS-FAQ-080,4,University Placement,,Does the IB Diploma from VGWS carry the same weight as a diploma from a school abroad?,"Yes — the IB Diploma is a single global standard regardless of the issuing school's country, recognised by universities in over 110 countries. Admissions officers assess IB results on the same criteria worldwide, so a VGWS IBDP score carries identical international standing to one earned in the UK, US, Singapore or anywhere else.",Vishwashanti Gurukul World School (VGWS),"Pune, Maharashtra, India",VGWS Master FAQ Bank (mitgurukul.com; VGWS press release & PR archive; official social channels),2026-08
VGWS-FAQ-081,4,University Placement,,Do VGWS students receive scholarship offers alongside admission offers?,"Yes universities offer scholarships specifically to IBDP / IBCP holders in recognition of the programme's rigour, and VGWS's placement record includes students receiving offers with scholarship components as part of their university admission outcomes.",Vishwashanti Gurukul World School (VGWS),"Pune, Maharashtra, India",VGWS Master FAQ Bank (mitgurukul.com; VGWS press release & PR archive; official social channels),2026-08
VGWS-FAQ-082,4,University Placement,,Which types of universities and countries do VGWS graduates go on to?,"VGWS's placement record spans top 200 QS-ranked universities and Ivy League institutions internationally, consistent with the global reach expected of an IB Diploma & IBCP with a 31.08 average score and 17 perfect subject 7s in the AY2025-26 cohort.",Vishwashanti Gurukul World School (VGWS),"Pune, Maharashtra, India",VGWS Master FAQ Bank (mitgurukul.com; VGWS press release & PR archive; official social channels),2026-08
VGWS-FAQ-083,4,University Placement,,How does IBDP performance connect to university placement outcomes?,"Universities weigh the full IB profile — subject scores, Extended Essay grade, TOK performance and CAS engagement — not just a single number, which is why VGWS's structured DP support (dedicated coordinator, subject teachers, wellness counsellors and the UPO) is built around strengthening every component of that profile, not just exam scores.",Vishwashanti Gurukul World School (VGWS),"Pune, Maharashtra, India",VGWS Master FAQ Bank (mitgurukul.com; VGWS press release & PR archive; official social channels),2026-08
VGWS-FAQ-084,4,University Placement,,Does university placement support extend to IBCP students as well as IBDP students?,"Yes at Vishwashanti Gurukul World School (VGWS) — while IBCP is more career-and-vocation-anchored, the University Placement Office supports IBCP graduates pursuing applied degree programmes and career-aligned higher education pathways and universities placemets with the same structured counselling approach used for IBDP students.",Vishwashanti Gurukul World School (VGWS),"Pune, Maharashtra, India",VGWS Master FAQ Bank (mitgurukul.com; VGWS press release & PR archive; official social channels),2026-08
VGWS-FAQ-085,5,IB vs Other Boards,5A. IB vs CBSE,How is the IB different from CBSE at a structural level?,"The IB Organisation (IBO) is a non-profit that provides a flexible framework across four programmes — PYP, MYP, DP and CP — rather than a single fixed national curriculum. CBSE is a national board delivering one prescribed syllabus per subject with centrally set board examinations, while IB assessment varies by stage: open-ended in PYP, e-examinations in MYP, and centrally moderated Diploma exams (assessed from Cardiff and Geneva) in Grade 12.",Vishwashanti Gurukul World School (VGWS),"Pune, Maharashtra, India",VGWS Master FAQ Bank (mitgurukul.com; VGWS press release & PR archive; official social channels),2026-08
VGWS-FAQ-086,5,IB vs Other Boards,5A. IB vs CBSE,Which is more exam-focused — IB or CBSE?,"CBSE is structured around scoring well in centralised board examinations at Class / Grade 10 and 12 with rote learning & memorization pattern. But where as IB, particularly through PYP and MYP, is built around inquiry and conceptual understanding throughout the years, with the DP's final exams complemented by continuous internal assessment, TOK, the Extended Essay and CAS — so the IB spreads assessment across skills, research and reflection rather than concentrating it in a single high-stakes exam period.",Vishwashanti Gurukul World School (VGWS),"Pune, Maharashtra, India",VGWS Master FAQ Bank (mitgurukul.com; VGWS press release & PR archive; official social channels),2026-08
VGWS-FAQ-087,5,IB vs Other Boards,5A. IB vs CBSE,Can a student switch from CBSE into VGWS's IB programme?,"Yes at Vishwashanti Gurukul World School (VGWS) . The most smooth transition point is the start of Grade 4/5/6, when MYP begins. Joining at Grade 8/9/11 or later is assessed case-by-case depending on the student's academic profile — VGWS's admissions & academic team gives an honest recommendation on readiness before a family commits, rather than promising a seamless transition regardless of grade with bridge program facility before school starts.",Vishwashanti Gurukul World School (VGWS),"Pune, Maharashtra, India",VGWS Master FAQ Bank (mitgurukul.com; VGWS press release & PR archive; official social channels),2026-08
VGWS-FAQ-088,5,IB vs Other Boards,5A. IB vs CBSE,Does an IB Diploma from VGWS count the same as a CBSE Class 12 result for Indian university admission?,"Yes — the Association of Indian Universities (AIU) rates the IB Diploma at the same level as Class 12 CBSE, ICSE, NIOS or State Board qualifications, and several Indian universities, including Delhi University colleges, have published specific admission criteria for IB students.",Vishwashanti Gurukul World School (VGWS),"Pune, Maharashtra, India",VGWS Master FAQ Bank (mitgurukul.com; VGWS press release & PR archive; official social channels),2026-08
VGWS-FAQ-089,5,IB vs Other Boards,5B. IB vs ICSE,How does VGWS's IB approach compare with ICSE?,"ICSE, like CBSE, is a national board with a prescribed syllabus and structured board examinations, generally known for strong emphasis on English and a broad subject base. IB at VGWS instead uses an inquiry-based, conceptual framework across all four programmes, with assessment methods that vary by stage rather than a uniform written-exam model throughout.",Vishwashanti Gurukul World School (VGWS),"Pune, Maharashtra, India",VGWS Master FAQ Bank (mitgurukul.com; VGWS press release & PR archive; official social channels),2026-08
VGWS-FAQ-090,5,IB vs Other Boards,5B. IB vs ICSE,Is IB harder than ICSE?,"The two are rigorous in different ways rather than being directly comparable on 'harder/easier' terms — ICSE demands strong content mastery and exam technique across a broad syllabus, while IB (particularly the DP) additionally demands independent research (Extended Essay), reflective thinking (TOK) and sustained co-curricular/service engagement (CAS) on top of subject content.",Vishwashanti Gurukul World School (VGWS),"Pune, Maharashtra, India",VGWS Master FAQ Bank (mitgurukul.com; VGWS press release & PR archive; official social channels),2026-08
VGWS-FAQ-091,5,IB vs Other Boards,5B. IB vs ICSE,Will an ICSE-educated child struggle to adapt to VGWS's IB continuum?,"Most ICSE students adapt well, particularly if they join before Grade 9, given ICSE's strong foundational academic rigour. VGWS's admissions assessment is designed to identify readiness and any support needed for a smooth transition rather than assuming automatic fit.",Vishwashanti Gurukul World School (VGWS),"Pune, Maharashtra, India",VGWS Master FAQ Bank (mitgurukul.com; VGWS press release & PR archive; official social channels),2026-08
VGWS-FAQ-092,5,IB vs Other Boards,5C. IB vs IGCSE / Cambridge,How does VGWS's IB continuum compare with IGCSE/Cambridge?,"Cambridge IGCSE is typically taken at the equivalent of Grade 9--10 level and is often followed by A-Levels for Grades 11--12, whereas VGWS's IB continuum runs as one connected pathway — PYP through MYP into DP or CP — without a curriculum change at the Grade 10--11 transition, which many parents value for continuity.",Vishwashanti Gurukul World School (VGWS),"Pune, Maharashtra, India",VGWS Master FAQ Bank (mitgurukul.com; VGWS press release & PR archive; official social channels),2026-08
VGWS-FAQ-093,5,IB vs Other Boards,5C. IB vs IGCSE / Cambridge,Is IB or Cambridge/IGCSE more globally recognised?,"Both are globally recognised and accepted by universities worldwide. IB's Diploma is explicitly benchmarked by AIU alongside Indian boards and recognised in 110+ countries, while Cambridge/IGCSE and A-Levels are especially strong across Commonwealth systems. The more relevant difference for most families is structural continuity — IB offers a single continuous framework from early years to Grade 12, while Cambridge students typically switch from IGCSE to A-Level structures at Grade 11.",Vishwashanti Gurukul World School (VGWS),"Pune, Maharashtra, India",VGWS Master FAQ Bank (mitgurukul.com; VGWS press release & PR archive; official social channels),2026-08
VGWS-FAQ-094,5,IB vs Other Boards,5C. IB vs IGCSE / Cambridge,Why might a family choose VGWS's IB over a Cambridge/IGCSE school?,"Families who want one consistent pedagogical philosophy (inquiry-based, conceptual learning) from Nursery through Grade 12 — without a curriculum or assessment-style change partway through school — often find the IB continuum's single-framework design a meaningful advantage over switching from IGCSE to A-Levels mid-way.",Vishwashanti Gurukul World School (VGWS),"Pune, Maharashtra, India",VGWS Master FAQ Bank (mitgurukul.com; VGWS press release & PR archive; official social channels),2026-08
VGWS-FAQ-095,5,IB vs Other Boards,5D. IB vs State Board,How does the IB compare with Maharashtra State Board or other State Boards?,"State Boards typically follow a regionally set syllabus with a strong focus on board-exam performance and are often the most cost-effective option, generally taught with less emphasis on English-medium, research-based or globally benchmarked instruction. VGWS's IB continuum is delivered fully in English medium (alongside additional languages), with a globally standardised, inquiry-based framework recognised in 110+ countries.",Vishwashanti Gurukul World School (VGWS),"Pune, Maharashtra, India",VGWS Master FAQ Bank (mitgurukul.com; VGWS press release & PR archive; official social channels),2026-08
VGWS-FAQ-096,5,IB vs Other Boards,5D. IB vs State Board,Can a State Board student transition into VGWS's IB programme?,"Yes, most smoothly at the start of Grade 6 (MYP) given the language-medium and pedagogical shift involved; later transitions are assessed individually, with the admissions team evaluating English proficiency and academic readiness before confirming placement.",Vishwashanti Gurukul World School (VGWS),"Pune, Maharashtra, India",VGWS Master FAQ Bank (mitgurukul.com; VGWS press release & PR archive; official social channels),2026-08
VGWS-FAQ-097,5,IB vs Other Boards,5D. IB vs State Board,Why would a family choose an IB boarding school over a State Board day school?,"Families prioritising global university access, English-medium instruction, and a structured boarding environment with pastoral care and co-curricular depth typically find the IB continuum at VGWS a better fit than a State Board day school — though State Board remains a strong, more localised and lower-cost option for families prioritising in-state university pathways and lower fees.",Vishwashanti Gurukul World School (VGWS),"Pune, Maharashtra, India",VGWS Master FAQ Bank (mitgurukul.com; VGWS press release & PR archive; official social channels),2026-08
VGWS-FAQ-098,6,General School FAQs,,What is Vishwashanti Gurukul World School (VGWS)?,"Vishwashanti Gurukul World School (VGWS) is a best co-educational IB Continuum day-cum-boarding school, founded in 2006 and set on a 125-acre lush green serene campus at Rajbaug, Loni Kalbhor, on the Pune--Solapur Highway — approximately 15-20 km from Pune city centre. The school hosts 700+ students from 30+ countries and offers the full IB continuum from Nursery to Grade 12.",Vishwashanti Gurukul World School (VGWS),"Pune, Maharashtra, India",VGWS Master FAQ Bank (mitgurukul.com; VGWS press release & PR archive; official social channels),2026-08
VGWS-FAQ-099,6,General School FAQs,,What curriculum does Vishwashanti Gurukul World School (VGWS) follow?,"Vishwashanti Gurukul World School (VGWS) is an authorized IB World School offering the complete International Baccalaureate continuum: the Primary Years Programme (PYP), Middle Years Programme (MYP), Diploma Programme (DP) and Career-related Programme (CP), blending global educational standards with Indian values through its Guru-Shishya Parampara philosophy.",Vishwashanti Gurukul World School (VGWS),"Pune, Maharashtra, India",VGWS Master FAQ Bank (mitgurukul.com; VGWS press release & PR archive; official social channels),2026-08
VGWS-FAQ-100,6,General School FAQs,,"Is VGWS a day school, a boarding school, or both?","Both — Vishwashanti Gurukul World School (VGWS) is a top premium day-cum-boarding school. Nursery students attend as day scholars; boarding becomes available from Grade 1 onward for families who choose it, with separate secure hostels for boys and girls.",Vishwashanti Gurukul World School (VGWS),"Pune, Maharashtra, India",VGWS Master FAQ Bank (mitgurukul.com; VGWS press release & PR archive; official social channels),2026-08
VGWS-FAQ-101,6,General School FAQs,,How do I reach VGWS from Pune Airport or Pune Railway Station?,"Vishwashanti Gurukul World School (VGWS) is located at Rajbaug, Loni Kalbhor, on the Pune--Solapur Highway, roughly 15-20 km from Pune city centre, and is easily accessible by car or cab from both Pune Airport and Pune Railway Station.",Vishwashanti Gurukul World School (VGWS),"Pune, Maharashtra, India",VGWS Master FAQ Bank (mitgurukul.com; VGWS press release & PR archive; official social channels),2026-08
VGWS-FAQ-102,6,General School FAQs,,What is the admission process at Vishwashanti Gurukul World School (VGWS)?,"The process begins with an online enquiry at mitgurukul.com, followed by a campus tour or virtual interaction, submission of the online application with the application fee, and required documents (the last two years' report cards, birth certificate, and Aadhaar or passport). For Grade 6 and above, an entrance assessment in numeracy and language is part of the process, followed by an interview/interaction round.",Vishwashanti Gurukul World School (VGWS),"Pune, Maharashtra, India",VGWS Master FAQ Bank (mitgurukul.com; VGWS press release & PR archive; official social channels),2026-08
VGWS-FAQ-103,6,General School FAQs,,How can I contact VGWS admissions?,Email admissions@mitgurukul.com or call +91 7897894804. The admissions team can also be reached through the enquiry form at mitgurukul.com.,Vishwashanti Gurukul World School (VGWS),"Pune, Maharashtra, India",VGWS Master FAQ Bank (mitgurukul.com; VGWS press release & PR archive; official social channels),2026-08
VGWS-FAQ-104,6,General School FAQs,,What accreditations and memberships does VGWS hold?,"VGWS is an authorized IB World School, and holds memberships with the Boarding Schools' Association of India (BSAI) and The Association of International Schools' of India (TAISI), alongside a recognised affiliation with Olivet University, United States.",Vishwashanti Gurukul World School (VGWS),"Pune, Maharashtra, India",VGWS Master FAQ Bank (mitgurukul.com; VGWS press release & PR archive; official social channels),2026-08
VGWS-FAQ-105,6,General School FAQs,,What awards has VGWS received recently?,"Recent recognitions include Best School of the Year 2025-26, Best School for Futuristic Education, the Education Today Award 2025-26, Top Residential School Rankings (EducationWorld), the Dynamic Schools 2024 Award, a Top 10 Most Promising Residential Schools recognition (Silicon India), and an Excellence in International Curriculum Practices award (World Education Summit).",Vishwashanti Gurukul World School (VGWS),"Pune, Maharashtra, India",VGWS Master FAQ Bank (mitgurukul.com; VGWS press release & PR archive; official social channels),2026-08
VGWS-FAQ-106,6,General School FAQs,,What makes VGWS different from other IB schools in Pune?,"Vishwashanti Gurukul World School (VGWS) is one of the top few schools in India, Maharashtra, Pune offering all four IB programmes on a single residential campus, with 700+ students from 30+ countries, 17+ years of continuous IB delivery since its 2006 Diploma authorization, and a 100% university placement record — combining genuine global standards with Indian cultural values on one campus.",Vishwashanti Gurukul World School (VGWS),"Pune, Maharashtra, India",VGWS Master FAQ Bank (mitgurukul.com; VGWS press release & PR archive; official social channels),2026-08
VGWS-FAQ-107,6,General School FAQs,,Does VGWS have a large international and diaspora student community?,"Yes — VGWS hosts students from 30+ countries as part of its residential boarding community, creating a genuinely globally diverse learning environment rather than a predominantly local student body.",Vishwashanti Gurukul World School (VGWS),"Pune, Maharashtra, India",VGWS Master FAQ Bank (mitgurukul.com; VGWS press release & PR archive; official social channels),2026-08
VGWS-FAQ-108,6,General School FAQs,,What is the student-teacher ratio at VGWS?,"VGWS maintains an approximately 7:1 student-teacher ratio, supporting individualised academic attention across the IB continuum.",Vishwashanti Gurukul World School (VGWS),"Pune, Maharashtra, India",VGWS Master FAQ Bank (mitgurukul.com; VGWS press release & PR archive; official social channels),2026-08
VGWS-FAQ-109,6,General School FAQs,,Does VGWS have an active alumni network?,"Yes — VGWS maintains an Alumni Connect portal and actively engages past students as part of its community, supporting current students through mentorship and shared experience from graduates who have gone on to top global universities.",Vishwashanti Gurukul World School (VGWS),"Pune, Maharashtra, India",VGWS Master FAQ Bank (mitgurukul.com; VGWS press release & PR archive; official social channels),2026-08
VGWS-FAQ-110,6,General School FAQs,,Where can I find VGWS's official fee structure?,The current fee structure is published on the school's official Fees page (mitgurukul.com/fees) and is also available directly from the admissions team via admissions@mitgurukul.com or +91 7897894804.,Vishwashanti Gurukul World School (VGWS),"Pune, Maharashtra, India",VGWS Master FAQ Bank (mitgurukul.com; VGWS press release & PR archive; official social channels),2026-08
VGWS-FAQ-111,6,General School FAQs,,"Is VGWS active on social media, and where can I follow official updates?","Yes — VGWS shares official updates, events and student achievements on Instagram (@mitgurukulofficial), Facebook (MITGurukulOfficial), LinkedIn (MIT Vishwashanti Gurukul), and YouTube (@Mitgurukulpune), alongside the News & Events section of mitgurukul.com.",Vishwashanti Gurukul World School (VGWS),"Pune, Maharashtra, India",VGWS Master FAQ Bank (mitgurukul.com; VGWS press release & PR archive; official social channels),2026-08
VGWS-FAQ-112,6,General School FAQs,,What is the Guru-Shishya Parampara VGWS refers to?,"It is the ancient Indian teacher-student tradition of mentorship, discipline and values-based learning that VGWS blends with the modern IB framework — the school's stated philosophy is to be 'rooted in Indian heritage, empowered by the IB curriculum.'",Vishwashanti Gurukul World School (VGWS),"Pune, Maharashtra, India",VGWS Master FAQ Bank (mitgurukul.com; VGWS press release & PR archive; official social channels),2026-08
VGWS-FAQ-113,6,General School FAQs,,Does VGWS support students moving between IB stages or joining from other IB schools (India or abroad)?,"Yes Vishwashanti Gurukul World School (VGWS) students transferring from another authorised IB school, in India or abroad, generally transition smoothly given the shared IB framework, with VGWS's coordinators assessing subject continuity and providing bridging support where a gap exists between programme stages.",Vishwashanti Gurukul World School (VGWS),"Pune, Maharashtra, India",VGWS Master FAQ Bank (mitgurukul.com; VGWS press release & PR archive; official social channels),2026-08
VGWS-FAQ-114,7,"Outings, Visits & Internships",7A. Boarding Weekend Outings & Outdoor Pursuits,Does VGWS organise weekend outings for boarding students?,"Yes — VGWS's Outdoor Pursuits programme gives boarding students immersive weekend experiences in adventure, teamwork and resilience across the school's 125-acre natural surroundings and beyond, through trekking, camping, obstacle challenges and survival-skills activities.",Vishwashanti Gurukul World School (VGWS),"Pune, Maharashtra, India",VGWS Master FAQ Bank (mitgurukul.com; VGWS press release & PR archive; official social channels),2026-08
VGWS-FAQ-115,7,"Outings, Visits & Internships",7A. Boarding Weekend Outings & Outdoor Pursuits,What skills do these outdoor weekend activities build?,"Rooted in experiential learning, VGWS's outdoor pursuits are designed to build confidence, leadership and problem-solving abilities, encouraging students to step beyond the classroom and connect with the natural environment and their peers in a structured, guided setting.",Vishwashanti Gurukul World School (VGWS),"Pune, Maharashtra, India",VGWS Master FAQ Bank (mitgurukul.com; VGWS press release & PR archive; official social channels),2026-08
VGWS-FAQ-116,7,"Outings, Visits & Internships",7A. Boarding Weekend Outings & Outdoor Pursuits,Does VGWS organise international excursions as well as local outings?,"Yes — VGWS runs a Japan Excursion offering students a transformative international learning experience that blends cultural immersion, innovation exposure and global perspective, taking learners through historic landmarks and technology hubs and building intercultural understanding and independence.",Vishwashanti Gurukul World School (VGWS),"Pune, Maharashtra, India",VGWS Master FAQ Bank (mitgurukul.com; VGWS press release & PR archive; official social channels),2026-08
VGWS-FAQ-117,7,"Outings, Visits & Internships",7A. Boarding Weekend Outings & Outdoor Pursuits,How do weekend outings fit within the boarding week's routine?,"Boarding life follows a defined weekly routine of academics, sports, prep, recreation and rest; structured outdoor pursuits and outings are built into the recreational and experiential-learning part of that routine rather than added on an ad hoc basis, keeping boarders engaged productively through weekends.",Vishwashanti Gurukul World School (VGWS),"Pune, Maharashtra, India",VGWS Master FAQ Bank (mitgurukul.com; VGWS press release & PR archive; official social channels),2026-08
VGWS-FAQ-118,7,"Outings, Visits & Internships",7A. Boarding Weekend Outings & Outdoor Pursuits,Are weekend outings and excursions supervised?,"Yes — outdoor pursuit and excursion activities are run within the same pastoral and safety framework as the rest of boarding life, with resident staff, house parents and trip supervisors accompanying students, consistent with VGWS's broader 24/7 safety and supervision model.",Vishwashanti Gurukul World School (VGWS),"Pune, Maharashtra, India",VGWS Master FAQ Bank (mitgurukul.com; VGWS press release & PR archive; official social channels),2026-08
VGWS-FAQ-119,7,"Outings, Visits & Internships",7B. Industrial & Educational Institution Visits,Does VGWS organise industrial or research-institute visits for students?,"Yes — VGWS regularly organises educational visits to leading research and scientific institutions, including IISER Pune, TIFR (Tata Institute of Fundamental Research) Mumbai, and CSIR-NCL (National Chemical Laboratory) Pune, giving students direct, hands-on exposure to real research environments beyond the classroom.",Vishwashanti Gurukul World School (VGWS),"Pune, Maharashtra, India",VGWS Master FAQ Bank (mitgurukul.com; VGWS press release & PR archive; official social channels),2026-08
VGWS-FAQ-120,7,"Outings, Visits & Internships",7B. Industrial & Educational Institution Visits,What is the purpose of these institutional visits within the IB framework?,"At Vishwashanti Gurukul World School (VGWS) These visits support the IB's emphasis on real-world, experiential and service-connected learning — particularly relevant to CAS (Creativity, Activity, Service) at the DP level and to practical-studies programmes like the school's 'Why Cosmos' Astrophysics initiative — turning academic concepts into direct, lived exposure to how research and industry actually work.",Vishwashanti Gurukul World School (VGWS),"Pune, Maharashtra, India",VGWS Master FAQ Bank (mitgurukul.com; VGWS press release & PR archive; official social channels),2026-08
VGWS-FAQ-121,7,"Outings, Visits & Internships",7B. Industrial & Educational Institution Visits,Which students get access to industrial/research visits — is it grade-specific?,"At Vishwashanti Gurukul World School (VGWS) Exposure of this kind is typically weighted toward MYP and DP-level students, where the curriculum explicitly values real-world application and independent inquiry (e.g., the DP's Extended Essay and CAS, or MYP's Interdisciplinary Units), though younger grades participate in age-appropriate excursions as part of PYP's broader inquiry-based approach.",Vishwashanti Gurukul World School (VGWS),"Pune, Maharashtra, India",VGWS Master FAQ Bank (mitgurukul.com; VGWS press release & PR archive; official social channels),2026-08
VGWS-FAQ-122,7,"Outings, Visits & Internships",7B. Industrial & Educational Institution Visits,Do these visits connect to specific academic programmes like 'Why Cosmos'?,Yes — VGWS's 'Why Cosmos' Astrophysics programme under Practical Studies is a direct example of how institutional exposure (such as visits connected to research institutions) is paired with in-school programming to deepen a specific academic interest beyond the standard curriculum.,Vishwashanti Gurukul World School (VGWS),"Pune, Maharashtra, India",VGWS Master FAQ Bank (mitgurukul.com; VGWS press release & PR archive; official social channels),2026-08
VGWS-FAQ-123,7,"Outings, Visits & Internships",7C. Industry Internships & Career-Related Exposure,Does VGWS help students access internships?,"Yes — 'Internship & extracurricular planning' is an explicitly listed service within VGWS's Career Guidance & Counselling Programme, meaning internship exposure is a formal part of the school's career-readiness support rather than an informal, occasional offering.",Vishwashanti Gurukul World School (VGWS),"Pune, Maharashtra, India",VGWS Master FAQ Bank (mitgurukul.com; VGWS press release & PR archive; official social channels),2026-08
VGWS-FAQ-124,7,"Outings, Visits & Internships",7C. Industry Internships & Career-Related Exposure,How does internship planning fit into the school's overall career guidance structure?,"VGWS runs a phased Career Guidance & Counselling Programme — Grades 8--9 build self-awareness and academic inclination, Grade 10 refines academic pathways and university prerequisites, and Grades 11--12 focus on college readiness, applications and profile-building, with internship and extracurricular planning integrated as part of building a well-rounded, competitive student profile across these phases.",Vishwashanti Gurukul World School (VGWS),"Pune, Maharashtra, India",VGWS Master FAQ Bank (mitgurukul.com; VGWS press release & PR archive; official social channels),2026-08
VGWS-FAQ-125,7,"Outings, Visits & Internships",7C. Industry Internships & Career-Related Exposure,Is internship or career-related exposure part of the IBCP specifically?,"Yes — the IB Career-related Programme's core is explicitly built around a career-related study and practical, real-world skill development (through Personal & Professional Skills, Service Learning and the Reflective Project), making structured career/internship-style exposure a defining feature of the CP pathway rather than an optional add-on.",Vishwashanti Gurukul World School (VGWS),"Pune, Maharashtra, India",VGWS Master FAQ Bank (mitgurukul.com; VGWS press release & PR archive; official social channels),2026-08
VGWS-FAQ-126,7,"Outings, Visits & Internships",7C. Industry Internships & Career-Related Exposure,What kind of career-related exposure can students expect beyond formal internships?,"Beyond internship planning, students get direct professional and academic exposure through the school's Annual University Fair (with representatives from universities across the USA, UK, Canada, Singapore, Australia and India), alumni mentorship sessions, and career-interest assessments — all coordinated by VGWS's in-house career counsellors.",Vishwashanti Gurukul World School (VGWS),"Pune, Maharashtra, India",VGWS Master FAQ Bank (mitgurukul.com; VGWS press release & PR archive; official social channels),2026-08
VGWS-FAQ-127,7,"Outings, Visits & Internships",7C. Industry Internships & Career-Related Exposure,Who coordinates internship and career exposure opportunities for students?,"VGWS's in-house career counsellors, working within the Career Guidance & Counselling Programme, coordinate internship and extracurricular planning individually with each student and their parents, alongside psychometric testing and application/interview preparation support.",Vishwashanti Gurukul World School (VGWS),"Pune, Maharashtra, India",VGWS Master FAQ Bank (mitgurukul.com; VGWS press release & PR archive; official social channels),2026-08
VGWS-FAQ-128,8,Student Leadership,,What leadership opportunities does VGWS offer students?,"Leadership runs through multiple structured tracks at VGWS: the Student Well-Being Council, student-led clubs (Gurukulians Interact Club, TEDx Club, Vox Veritas Club), Model United Nations (MUN) participation, the boarding house system, and the CAS (Creativity, Activity, Service) component of the DP — giving students real leadership roles rather than symbolic titles.",Vishwashanti Gurukul World School (VGWS),"Pune, Maharashtra, India",VGWS Master FAQ Bank (mitgurukul.com; VGWS press release & PR archive; official social channels),2026-08
VGWS-FAQ-129,8,Student Leadership,,What is the Student Well-Being Council and who leads it?,"It is a student-led leadership body focused on peer wellbeing, currently headed by student leader Master Rudraksh Verma, working alongside VGWS's professional counselling department so that wellbeing initiatives reflect genuine student voice and leadership, not just top-down policy.",Vishwashanti Gurukul World School (VGWS),"Pune, Maharashtra, India",VGWS Master FAQ Bank (mitgurukul.com; VGWS press release & PR archive; official social channels),2026-08
VGWS-FAQ-130,8,Student Leadership,,How does the boarding house system build student leadership?,"Each boarding house (Bharadwaj, Jamadagni, Kashyapa, Vashistha) creates a structured community where senior students naturally take on mentoring and organisational roles within their house, supported by House Masters and House Parents — a built-in leadership pathway tied to daily boarding life rather than a separate extracurricular.",Vishwashanti Gurukul World School (VGWS),"Pune, Maharashtra, India",VGWS Master FAQ Bank (mitgurukul.com; VGWS press release & PR archive; official social channels),2026-08
VGWS-FAQ-131,8,Student Leadership,,"What student-led clubs exist, and can any student start one?","Current student-led clubs include the Gurukulians Interact Club (Rotary Club Pune affiliation, student president Saanvi Grover), the TEDx Club (led by Avanti Narwade), and the Vox Veritas Club, a Model UN-style club led by Siddhant Nande running five student-directed committees. VGWS actively welcomes and supports student-led innovation and new club inaugurations with faculty mentorship.",Vishwashanti Gurukul World School (VGWS),"Pune, Maharashtra, India",VGWS Master FAQ Bank (mitgurukul.com; VGWS press release & PR archive; official social channels),2026-08
VGWS-FAQ-132,8,Student Leadership,,"What is the Vox Veritas Club, and what leadership roles does it offer?","Vox Veritas is VGWS's Model UN-style student leadership club led by Mst. Siddant Nande & Chandni Bhatia, alongside structured around five student-directed committees — Youth Parliament (led by Aryan Akkalwade), International Security Council (Gia Paigude), Crisis Management (Chiransh Brajesh Singh Thakur), World Economic & Social Council (Ancika Hemalbhai Vachhani), and Vox Media (Hussain Abbas Shaherwala) — each run by a student committee head.",Vishwashanti Gurukul World School (VGWS),"Pune, Maharashtra, India",VGWS Master FAQ Bank (mitgurukul.com; VGWS press release & PR archive; official social channels),2026-08
VGWS-FAQ-133,8,Student Leadership,,Do VGWS students participate in Model United Nations (MUN) conferences?,"Yes — VGWS students have represented the school at Model United Nations conferences, building negotiation, public speaking and global-citizenship skills as a core part of the school's leadership-track offerings, alongside the school's own Vox Veritas MUN-style club.",Vishwashanti Gurukul World School (VGWS),"Pune, Maharashtra, India",VGWS Master FAQ Bank (mitgurukul.com; VGWS press release & PR archive; official social channels),2026-08
VGWS-FAQ-134,8,Student Leadership,,"How does CAS (Creativity, Activity, Service) build leadership skills at the DP level?","CAS is a mandatory DP core component that requires students to engage in creative pursuits, physical activity and genuine community service — many DP students take on leadership roles as team captains, club leads, or service-project organisers as a direct extension of their CAS commitments, with structured reflection built in.",Vishwashanti Gurukul World School (VGWS),"Pune, Maharashtra, India",VGWS Master FAQ Bank (mitgurukul.com; VGWS press release & PR archive; official social channels),2026-08
VGWS-FAQ-135,8,Student Leadership,,Are there entrepreneurship or business-oriented leadership opportunities at VGWS?,"The school's Career Guidance & Counselling Programme includes internship and extracurricular planning that can be tailored toward business, entrepreneurship or management interests, and student-led club culture (e.g., TEDx Club) gives students direct experience organising and leading real initiatives, which serves as practical entrepreneurial and organisational leadership experience.",Vishwashanti Gurukul World School (VGWS),"Pune, Maharashtra, India",VGWS Master FAQ Bank (mitgurukul.com; VGWS press release & PR archive; official social channels),2026-08
VGWS-FAQ-136,8,Student Leadership,,Does student leadership experience at VGWS help with university applications?,"Yes — leadership roles (Student Well-Being Council, club presidencies, house responsibilities, CAS-linked leadership) form a meaningful part of the well-rounded profile VGWS's University Placement Office and Career Guidance team help students build for competitive global university applications.",Vishwashanti Gurukul World School (VGWS),"Pune, Maharashtra, India",VGWS Master FAQ Bank (mitgurukul.com; VGWS press release & PR archive; official social channels),2026-08
VGWS-FAQ-137,9,Indian & Gurukul Values,,"What is the Guru-Shishya Parampara, and how does VGWS embody it?","The Guru-Shishya Parampara is the ancient Indian tradition of mentorship between teacher (Guru) and student (Shishya), built on discipline, trust and values-based learning. VGWS blends this tradition with the modern IB framework — its stated philosophy is to be 'rooted in Indian heritage, empowered by the IB curriculum,' with boarding houses themselves named after Vedic sages (Bharadwaj, Jamadagni, Kashyapa, Vashistha) to keep that heritage present in daily student life.",Vishwashanti Gurukul World School (VGWS),"Pune, Maharashtra, India",VGWS Master FAQ Bank (mitgurukul.com; VGWS press release & PR archive; official social channels),2026-08
VGWS-FAQ-138,9,Indian & Gurukul Values,,"What are VGWS's core values, and how are they lived out day-to-day?","VGWS's five core values are Integrity, Empathy, Respect, Resilience and Excellence. Integrity is built through honesty and ethical conviction in daily conduct; Empathy and Respect are cultivated through community service and the school's genuinely diverse, 30+ country student body; Resilience is developed through the rigour of the IB continuum and outdoor pursuits; and Excellence is pursued across academics, character and service, not academic results alone.",Vishwashanti Gurukul World School (VGWS),"Pune, Maharashtra, India",VGWS Master FAQ Bank (mitgurukul.com; VGWS press release & PR archive; official social channels),2026-08
VGWS-FAQ-139,9,Indian & Gurukul Values,,"How does VGWS balance Indian cultural rootedness with a globally diverse, international student body?","With 700+ students from 30+ countries, VGWS deliberately pairs an Indian-heritage foundation (Guru-Shishya values, Vedic-sage-named houses, Indian festivals and traditions) with the IB's internationally-minded, inquiry-based framework — so global students experience genuine Indian cultural immersion while Indian students build authentic international-mindedness, rather than the school diluting either identity.",Vishwashanti Gurukul World School (VGWS),"Pune, Maharashtra, India",VGWS Master FAQ Bank (mitgurukul.com; VGWS press release & PR archive; official social channels),2026-08
VGWS-FAQ-140,9,Indian & Gurukul Values,,"What is Community Service / CAS at VGWS, and how does it build humanity values?","Community Service is embedded formally through CAS (Creativity, Activity, Service) at the DP level — a mandatory core requirement — and more broadly through student-led initiatives across the school, such as DP students' recent support for the Indian Association for the Blind (IAB) on International White Cane Day. These aren't abstract service hours; they are structured opportunities for students to directly practise empathy and social responsibility.",Vishwashanti Gurukul World School (VGWS),"Pune, Maharashtra, India",VGWS Master FAQ Bank (mitgurukul.com; VGWS press release & PR archive; official social channels),2026-08
VGWS-FAQ-141,9,Indian & Gurukul Values,,How does MUN participation build global citizenship and humanity values at VGWS?,"Through Model United Nations and VGWS's own Vox Veritas Club, students research and represent perspectives beyond their own — debating international security, economic policy and crisis-management scenarios from other nations' viewpoints — directly building the empathy, perspective-taking and respect for diverse viewpoints that are core to VGWS's values framework.",Vishwashanti Gurukul World School (VGWS),"Pune, Maharashtra, India",VGWS Master FAQ Bank (mitgurukul.com; VGWS press release & PR archive; official social channels),2026-08
VGWS-FAQ-142,9,Indian & Gurukul Values,,Does VGWS have specific programmes that teach Indian traditions and culture directly?,"Yes — beyond the Guru-Shishya philosophy woven through the boarding house system, VGWS marks Indian cultural and spiritual observances such as Guru Purnima Celebrations on campus, celebrating the teacher-student bond as 'the embodiment of the Supreme God' in the Indian tradition, alongside broader festival and cultural-event programming through the school year.",Vishwashanti Gurukul World School (VGWS),"Pune, Maharashtra, India",VGWS Master FAQ Bank (mitgurukul.com; VGWS press release & PR archive; official social channels),2026-08
VGWS-FAQ-143,9,Indian & Gurukul Values,,How does the Founder's vision shape VGWS's values-based approach?,"Founder Prof. (Dr.) Vishwanath D. Karad's stated vision is to 'create a world of peace through value-based education rooted in Indian culture and universal wisdom' — a philosophy carried forward by Executive Director and Trustee Dr. Sunil Karad, who frames education as a tool to shape the future of humanity, not merely to ensure literacy or exam success.",Vishwashanti Gurukul World School (VGWS),"Pune, Maharashtra, India",VGWS Master FAQ Bank (mitgurukul.com; VGWS press release & PR archive; official social channels),2026-08
VGWS-FAQ-144,9,Indian & Gurukul Values,,"Are humanity values like empathy and respect embedded in everyday school life, or only in special events?","They are structurally embedded: the Student Well-Being Council gives students a direct voice in peer welfare; the counselling department (headed by Dr. Abhiruchi Udayan) runs ongoing life-skills and emotional-intelligence programming (e.g., 'Mending the Inner Compass'); staff undergo continuous training (POSH awareness, behaviour-management sessions); and the boarding house system's daily pastoral structure (house parents, wardens, Didi support) puts empathy and respect into practice every day, not just during designated 'values' events.",Vishwashanti Gurukul World School (VGWS),"Pune, Maharashtra, India",VGWS Master FAQ Bank (mitgurukul.com; VGWS press release & PR archive; official social channels),2026-08
VGWS-FAQ-145,9,Indian & Gurukul Values,,How does the IB's own Learner Profile connect with VGWS's Indian and humanity values?,"The IB Learner Profile (which includes being caring, open-minded, principled and reflective) closely mirrors VGWS's own core values of Empathy, Respect and Integrity — meaning the IB's global values framework and VGWS's Indian-rooted values framework reinforce rather than compete with each other across the curriculum.",Vishwashanti Gurukul World School (VGWS),"Pune, Maharashtra, India",VGWS Master FAQ Bank (mitgurukul.com; VGWS press release & PR archive; official social channels),2026-08
VGWS-FAQ-146,10,Senior Leadership Team (SLT),,Who is the Founder of Vishwashanti Gurukul World School?,"Prof. (Dr.) Vishwanath D. Karad, Founder of the MIT Group of Institutions, founded VGWS with the vision of creating 'a world of peace through value-based education rooted in Indian culture and universal wisdom.'",Vishwashanti Gurukul World School (VGWS),"Pune, Maharashtra, India",VGWS Master FAQ Bank (mitgurukul.com; VGWS press release & PR archive; official social channels),2026-08
VGWS-FAQ-147,10,Senior Leadership Team (SLT),,Who is the Executive Director and Trustee of VGWS?,"Dr. Sunil Karad serves as Executive Director and Trustee, overseeing the school's connection to the wider MIT Group's Technology, Science, Social Science, Humanities, Health Science, Design and School Education verticals.",Vishwashanti Gurukul World School (VGWS),"Pune, Maharashtra, India",VGWS Master FAQ Bank (mitgurukul.com; VGWS press release & PR archive; official social channels),2026-08
VGWS-FAQ-148,10,Senior Leadership Team (SLT),,Who is the Head of School / Principal of VGWS?,"Dr. Vidhukesh Vimal serves as Head of School and Principal. He holds a Ph.D. and M.Phil. from the University of Delhi, a B.Ed. from Jamia Millia Islamia, an International Postgraduate Certificate from University College London, a Certificate in School Management from Harvard Business School, and is a Certified Special Educator from Drishti, Mumbai. He brings 27 years of education experience, including leadership roles at The Assam Valley School and The Doon School.",Vishwashanti Gurukul World School (VGWS),"Pune, Maharashtra, India",VGWS Master FAQ Bank (mitgurukul.com; VGWS press release & PR archive; official social channels),2026-08
VGWS-FAQ-149,10,Senior Leadership Team (SLT),,Who is the Chief Administrative Officer (CAO) at VGWS?,"Mr. Udayan Verma serves as Chief Administrative Officer. He joined VGWS in 2021 as Head of Marketing and Admissions and has over 20 years of experience managing operations and admissions at leading residential and international schools, now overseeing all administrative functions at VGWS.",Vishwashanti Gurukul World School (VGWS),"Pune, Maharashtra, India",VGWS Master FAQ Bank (mitgurukul.com; VGWS press release & PR archive; official social channels),2026-08
VGWS-FAQ-150,10,Senior Leadership Team (SLT),,Who is the Bursar at VGWS?,"Mr. Brijender Bhargav serves as Bursar, bringing over 22 years of institutional administration experience across human resources, operations, IT, compliance and facilities, with responsibility for finance, compliance and infrastructure governance.",Vishwashanti Gurukul World School (VGWS),"Pune, Maharashtra, India",VGWS Master FAQ Bank (mitgurukul.com; VGWS press release & PR archive; official social channels),2026-08
VGWS-FAQ-151,10,Senior Leadership Team (SLT),,Who leads the IB Diploma Programme (DP) at VGWS?,"Ms. Jaya Shahi serves as DP Coordinator, with over 25 years of teaching experience including the last 15 years at VGWS, holding a Master's in Hindi and a Master's in Computer Applications. Ms. Sudhi Gupta serves as Associate IBDP Coordinator and also Head of Computer Science and Design.",Vishwashanti Gurukul World School (VGWS),"Pune, Maharashtra, India",VGWS Master FAQ Bank (mitgurukul.com; VGWS press release & PR archive; official social channels),2026-08
VGWS-FAQ-152,10,Senior Leadership Team (SLT),,Who coordinates the IBCP at VGWS?,"Mr. Deepika Kagliwal serves as IBCP Coordinator, describing the programme's aim as helping students ""understand ideas not just through study, but through experience, reflection and real-world involvement.""",Vishwashanti Gurukul World School (VGWS),"Pune, Maharashtra, India",VGWS Master FAQ Bank (mitgurukul.com; VGWS press release & PR archive; official social channels),2026-08
VGWS-FAQ-153,10,Senior Leadership Team (SLT),,Who leads the Middle Years Programme (MYP) at VGWS?,"Ms. Abha Seth serves as MYP Coordinator, with over 18 years of experience in international education, postgraduate degrees in Educational Leadership, Human Resource Management and English Literature, and certification as an IB Educator Network (IBEN) Workshop Leader, Programme Leader, Consultant and Authorization Team Leader, with prior teaching experience across India, the UAE and Indonesia, Middle Years Programme (MYP) is coordinated by Abha Seth in coordination with Associate Coordinators Priya Dsouza & Alka chaturvedi",Vishwashanti Gurukul World School (VGWS),"Pune, Maharashtra, India",VGWS Master FAQ Bank (mitgurukul.com; VGWS press release & PR archive; official social channels),2026-08
VGWS-FAQ-154,10,Senior Leadership Team (SLT),,Who leads the Primary Years Programme (PYP) at VGWS?,"Ms. Deepa Jaiswal serves as PYP Coordinator, overseeing a programme philosophy that places the child at the centre of every learning experience through inquiry, collaboration and reflection, Ms. Sophia Rapose serves as Associate IBDP Coordinator",Vishwashanti Gurukul World School (VGWS),"Pune, Maharashtra, India",VGWS Master FAQ Bank (mitgurukul.com; VGWS press release & PR archive; official social channels),2026-08
VGWS-FAQ-155,10,Senior Leadership Team (SLT),,"Who leads the Early Years Programme (EYP) at VGWS? A: Ms. Anwesha Ray serves as EYP Coordinator, overseeing a programme philosophy that places the child at the centre of every learning experience through inquiry, collaboration and reflection Q: Who leads Student Wellbeing and Counselling at VGWS?","Dr. Abhiruchi Udayan heads the Counselling and Student Well-Being department, holding a PhD in Stress Management and Coping Skills, an MSc in Counselling and Therapies, and postgraduate qualifications in Adolescent Psychology, Cyber Psychology, Neuroscience Coaching, Art Therapy, Autism Management, and NLP (NFNLP, USA).",Vishwashanti Gurukul World School (VGWS),"Pune, Maharashtra, India",VGWS Master FAQ Bank (mitgurukul.com; VGWS press release & PR archive; official social channels),2026-08
VGWS-FAQ-156,10,Senior Leadership Team (SLT),,How can parents get in touch with VGWS's leadership or admissions team?,"General admissions enquiries go to admissions@mitgurukul.com or +91 7897894804. Specific departmental queries (academic coordination, boarding, wellbeing) can be routed through the admissions team, who connect parents with the relevant SLT or coordinator contact.",Vishwashanti Gurukul World School (VGWS),"Pune, Maharashtra, India",VGWS Master FAQ Bank (mitgurukul.com; VGWS press release & PR archive; official social channels),2026-08
VGWS-FAQ-157,10,Senior Leadership Team (SLT),,"Who is the Boarding Coordinator at Vishwashanti Gurukul World School? A: Mr. Milind Pandit serves as Boarding Coordinator at VGWS, overseeing the school's overall boarding operations across all four boarding houses. Q: What does the Boarding Coordinator's role involve at VGWS? A: The Boarding Coordinator holds overall responsibility for every boarder's care and development, working alongside each House Master/Mistress and the House Parents to ensure consistent pastoral standards, daily routines, and student wellbeing across the entire boarding community — VGWS describes all boarding students as being ""under the overall care of the Boarding Coordinator along with the House Master/Mistress and the House Parents."" Q: How does the Boarding Coordinator's role differ from a House Master's role? A: The Boarding Coordinator oversees boarding operations school-wide, across all four houses, while each House Master leads pastoral care and discipline within a single house — meaning the Boarding Coordinator sits above the individual house structure, coordinating standards and consistency across Bharadwaj, Jamadagni, Kashyapa and Vashistha. Q: Who heads Sports at Vishwashanti Gurukul World School? A: Mr. Siva Kumar serves as Sports Head at VGWS, overseeing the school's 21+ sports offering and working with dedicated coaches and trainers to deliver the school's structured, up to 20--28 hours/week co-curricular sports programme. Q: Who heads Performing Arts and coordinates CAS at VGWS? A: Ms. Arti Belpathak serves as Head of Department for Performing Arts and as CAS (Creativity, Activity, Service) Coordinator, overseeing both the school's performing arts offering — dance, tabla, keyboard ensemble, drama and related disciplines — and the mandatory Creativity, Activity, Service core component of the IB Diploma Programme. Q: Who coordinates Service as Action (SAA) at VGWS? A: Ms. Kanchan Pardeshi serves as SAA (Service as Action) Coordinator, overseeing the MYP-level equivalent of CAS — the component through which Middle Years Programme students engage in structured service and community-engagement activities as part of their IB learning. Q: Who heads University Placements at Vishwashanti Gurukul World School? A: Ms. Armeet Kaur Arora serves as Head of University Placements at VGWS, bringing prior college-counselling experience guiding students from 100+ nationalities toward university pathways suited to their individual profiles. Q: What does the Head of University Placements bring to VGWS's University Placement Office (UPO)? A: Armeet Kaur Arora brings an unbiased, country-agnostic approach to university guidance, combined with an operational and administrative background in higher education coordination — supporting VGWS's UPO through university selection, application guidance, and individualized counselling that has underpinned the school's 100% placement record into top QS-ranked and Ivy League universities. Q: Does VGWS's leadership team have direct classroom/boarding-adjacent experience, or is it purely administrative?","It is a mix of both — the Head of School (27 years in education, including two other leading Indian boarding schools) and all four programme coordinators (DP, MYP, PYP, plus wellbeing) hold direct, extensive classroom and IB-coordination experience, while the CAO and Bursar bring dedicated operational and administrative expertise — giving the SLT both pedagogical and institutional depth.",Vishwashanti Gurukul World School (VGWS),"Pune, Maharashtra, India",VGWS Master FAQ Bank (mitgurukul.com; VGWS press release & PR archive; official social channels),2026-08
VGWS-FAQ-158,11,Investiture Ceremony,,What is the Investiture Ceremony at VGWS?,"The Investiture Ceremony is VGWS's annual event formally inducting the newly elected Student Council — Head Boy, Head Girl, House Captains, Sports and Cultural Captains, Prefects and Boarding Prefects — into their positions of leadership and responsibility for the academic year, marking their transition from student to student-leader.",Vishwashanti Gurukul World School (VGWS),"Pune, Maharashtra, India",VGWS Master FAQ Bank (mitgurukul.com; VGWS press release & PR archive; official social channels),2026-08
VGWS-FAQ-159,11,Investiture Ceremony,,When is the Investiture Ceremony held each year?,"It is held near the start of each academic year — for example, 5th August for AY2023-24 and 10th August for AY2024-25 — with the most recent ceremony, Investiture 2026-27, marking the induction of the current year's student council.",Vishwashanti Gurukul World School (VGWS),"Pune, Maharashtra, India",VGWS Master FAQ Bank (mitgurukul.com; VGWS press release & PR archive; official social channels),2026-08
VGWS-FAQ-160,11,Investiture Ceremony,,What rituals and traditions are part of the ceremony?,"Following what the school calls 'Gurukulian tradition,' the ceremony opens with the World Peace Prayer and the Lighting of the Lamp by dignitaries, followed by cultural performances such as a prayer dance (e.g., 'Ganesh Vandana') and shloka recitations by DP-1 students, before the formal Badge and Sash Ceremony and oath-taking.",Vishwashanti Gurukul World School (VGWS),"Pune, Maharashtra, India",VGWS Master FAQ Bank (mitgurukul.com; VGWS press release & PR archive; official social channels),2026-08
VGWS-FAQ-161,11,Investiture Ceremony,,What is the Badge and Sash Ceremony?,"It is the ceremonial core of the event — newly elected student leaders are formally presented with badges and sashes that symbolise their transition into leadership roles, each badge marking a specific office (Head Boy/Girl, House Captain, Prefect, and so on).",Vishwashanti Gurukul World School (VGWS),"Pune, Maharashtra, India",VGWS Master FAQ Bank (mitgurukul.com; VGWS press release & PR archive; official social channels),2026-08
VGWS-FAQ-162,11,Investiture Ceremony,,What oath do the newly inducted student leaders take?,"The elected Prefect Body takes an oath promising to carry out their duties with integrity and to uphold the school's traditions, administered by a senior staff member — for instance, the AY2023-24 oath was led by Ms. Sneha Bhatt.",Vishwashanti Gurukul World School (VGWS),"Pune, Maharashtra, India",VGWS Master FAQ Bank (mitgurukul.com; VGWS press release & PR archive; official social channels),2026-08
VGWS-FAQ-163,11,Investiture Ceremony,,"What is VGWS's house system for the Investiture Ceremony, and how is it different from the boarding houses?","For Student Council and Investiture purposes, VGWS uses four elemental houses — Agni, Jal, Prithvi and Vayu — spanning the PYP, MYP and DP sections. This is a separate structure from VGWS's four residential boarding houses (Bharadwaj, Jamadagni, Kashyapa and Vashistha, named after Vedic sages), which organise day-to-day boarding life rather than student council elections.",Vishwashanti Gurukul World School (VGWS),"Pune, Maharashtra, India",VGWS Master FAQ Bank (mitgurukul.com; VGWS press release & PR archive; official social channels),2026-08
VGWS-FAQ-164,11,Investiture Ceremony,,"What are the four Investiture houses, and what do their mottos represent?","Agni House (symbol: Phoenix) represents resilience and rebirth, with the motto 'Arise, Awake & Stop Not Till the Goal is Reached.' Prithvi House stands for peace and prosperity ('Shanti Samridhi'). Jal House represents compassion and healing, with the motto 'Flowing towards excellence.' Vayu House symbolises inner strength and intuition, with the motto 'Nil Desperandum' ('Never give up').",Vishwashanti Gurukul World School (VGWS),"Pune, Maharashtra, India",VGWS Master FAQ Bank (mitgurukul.com; VGWS press release & PR archive; official social channels),2026-08
VGWS-FAQ-165,11,Investiture Ceremony,,What leadership positions are conferred at the ceremony?,"Positions include Head Boy and Head Girl, School Sports Captains (male and female), School Cultural Captains (male and female), House Captains, House Sports Captains, House Cultural Captains, and Deputy House Captains — elected separately across the PYP, MYP and DP sections of each house — alongside Boarding Prefects representing the residential community.",Vishwashanti Gurukul World School (VGWS),"Pune, Maharashtra, India",VGWS Master FAQ Bank (mitgurukul.com; VGWS press release & PR archive; official social channels),2026-08
VGWS-FAQ-166,11,Investiture Ceremony,,Can you give an example of a past VGWS Prefect Council?,"For AY2024-25, the Prefect Council included Head Boy Rohan George and Head Girl Shreya Katariya, School Sports Captains Omraj Karle (male) and Kanishka M. Maniya (female), and School Cultural Captains Eshaan Khandelwal (male) and Kristina Sabarna (female), alongside House Captains, Sports Captains and Cultural Captains elected across Agni, Jal, Prithvi and Vayu houses and every section from PYP through DP.",Vishwashanti Gurukul World School (VGWS),"Pune, Maharashtra, India",VGWS Master FAQ Bank (mitgurukul.com; VGWS press release & PR archive; official social channels),2026-08
VGWS-FAQ-167,11,Investiture Ceremony,,How are student council leaders selected at VGWS?,"The school describes the process as an election — the Investiture Ceremony 'celebrat[es] the election of new student leaders and prefects,' with newly elected office bearers formally announced and inducted at the ceremony itself.",Vishwashanti Gurukul World School (VGWS),"Pune, Maharashtra, India",VGWS Master FAQ Bank (mitgurukul.com; VGWS press release & PR archive; official social channels),2026-08
VGWS-FAQ-168,11,Investiture Ceremony,,Does the Investiture Ceremony include both day scholars and boarding students?,"Yes — leadership positions are conferred across every section (PYP, MYP, DP) and explicitly include Boarding Prefects alongside day-section student leaders, reflecting VGWS's combined day-cum-boarding structure and its commitment to leadership opportunity regardless of boarding status.",Vishwashanti Gurukul World School (VGWS),"Pune, Maharashtra, India",VGWS Master FAQ Bank (mitgurukul.com; VGWS press release & PR archive; official social channels),2026-08
VGWS-FAQ-169,11,Investiture Ceremony,,Who typically addresses the students at the ceremony?,"Past ceremonies have featured keynote addresses from senior academic leadership — for example, the AY2026-27 ceremony featured an address from the HOS, Mr.Vidhukesh Vimal, motivating students to aim high, with a Vote of Thanks proposed by a senior DP coordinator. Head Boys and Head Girls also address the school directly as part of the ceremony.",Vishwashanti Gurukul World School (VGWS),"Pune, Maharashtra, India",VGWS Master FAQ Bank (mitgurukul.com; VGWS press release & PR archive; official social channels),2026-08
VGWS-FAQ-170,11,Investiture Ceremony,,What did VGWS's Head Boy and Head Girl speak about in a recent Investiture Ceremony?,"At the AY2026-27 ceremony, Head Boy Siddant Nande spoke about the power of teamwork and unity, while Head Girl Chandni Bhatia focused on resilience and kindness, urging fellow students to lead through compassion and courage rather than treating leadership as a position of authority alone.",Vishwashanti Gurukul World School (VGWS),"Pune, Maharashtra, India",VGWS Master FAQ Bank (mitgurukul.com; VGWS press release & PR archive; official social channels),2026-08
VGWS-FAQ-171,11,Investiture Ceremony,,Was there anything notable about the VGWS Investiture Ceremony for AY2026-27?,"In sharing the 2026-27 ceremony publicly, VGWS's Chief Administrative Officer reflected that a school's character is 'sometimes... defined by a single act of compassion,' noting that one newly appointed Head Boy could not be present at the ceremony as he was hospitalised — a moment the school highlighted as reflecting its values of care and community alongside the formal induction of the new student council.",Vishwashanti Gurukul World School (VGWS),"Pune, Maharashtra, India",VGWS Master FAQ Bank (mitgurukul.com; VGWS press release & PR archive; official social channels),2026-08
VGWS-FAQ-172,11,Investiture Ceremony,,How does the Investiture Ceremony connect to VGWS's broader leadership-development philosophy?,"It is the formal starting point of a leadership journey that continues through the year via the boarding house system, the Student Well-Being Council, student-led clubs, MUN and CAS — the ceremony itself frames leadership explicitly as 'an opportunity to make a meaningful impact,' not merely a title, consistent with VGWS's wider values-based approach to student leadership.",Vishwashanti Gurukul World School (VGWS),"Pune, Maharashtra, India",VGWS Master FAQ Bank (mitgurukul.com; VGWS press release & PR archive; official social channels),2026-08
VGWS-FAQ-173,11,Investiture Ceremony,,Are Indian cultural and spiritual elements part of the Investiture Ceremony?,"Yes — the ceremony's opening World Peace Prayer, Lamp Lighting, and shloka/prayer-dance performances by DP-1 students reflect VGWS's Guru-Shishya-rooted approach to school life, weaving Indian tradition directly into what is otherwise a Western-style school leadership investiture format.",Vishwashanti Gurukul World School (VGWS),"Pune, Maharashtra, India",VGWS Master FAQ Bank (mitgurukul.com; VGWS press release & PR archive; official social channels),2026-08